experiment_id,run_id,method_id,method_family,solver_name,n,repetition,status,native_status,executed,has_solution,valid,queen_count,phase_policy,workers,random_seed,pipeline_total_time,process_wall_time,encoding_time,load_time,search_time,build_time,solve_time,decode_validate_time,primary_variables,auxiliary_variables,total_variables,clauses,linear_constraints,error_category
nqueens_primary_full,nqueens_primary_full_cplex_mip_n4_r1,cplex_mip,MIP,IBM ILOG CPLEX,4,1,SAT,integer optimal solution,True,True,True,4,,1,0,0.029355333012063056,0.5019022920168936,,,,0.024959665955975652,0.0038677920238114893,1.895899185910821e-05,,,16,,18,
nqueens_primary_full,nqueens_primary_full_sat_commander_n4_r1,sat_commander,SAT,Glucose3,4,1,SAT,,True,True,True,4,solver_default,1,0,0.00027124996995553374,0.06132133398205042,0.00011954200454056263,6.454199319705367e-05,2.1082989405840635e-05,,8.56249826028943e-05,1.3000040780752897e-05,16,20,36,104,,
nqueens_primary_full,nqueens_primary_full_sat_sequential_n4_r1,sat_sequential,SAT,Glucose3,4,1,SAT,,True,True,True,4,solver_default,1,0,0.00026570900809019804,0.06339899997692555,8.925003930926323e-05,7.424998329952359e-05,2.8250040486454964e-05,,0.00010250002378597856,1.4209013897925615e-05,16,42,58,116,,
nqueens_primary_full,nqueens_primary_full_cplex_cp_n4_r1,cplex_cp,CP,IBM CP Optimizer,4,1,SAT,Feasible,True,True,True,4,,1,0,0.02044020901666954,0.4716210840269923,,,,0.0008962920401245356,0.019431875029113144,2.7541012968868017e-05,,,,,,
nqueens_primary_full,nqueens_primary_full_sat_pairwise_n4_r1,sat_pairwise,SAT,Glucose3,4,1,SAT,,True,True,True,4,solver_default,1,0,0.0004529579891823232,0.06488149997312576,0.00013233296340331435,0.00018170801922678947,4.7874986194074154e-05,,0.00022958300542086363,2.2209016606211662e-05,16,0,16,84,,
nqueens_primary_full,nqueens_primary_full_gurobi_mip_n4_r1,gurobi_mip,MIP,Gurobi Optimizer,4,1,SAT,OPTIMAL,True,True,True,4,,1,0,0.0012738329824060202,0.08301741600735113,,,,0.0011332500143907964,6.3000014051795e-05,2.779101487249136e-05,,,16,,18,
nqueens_primary_full,nqueens_primary_full_sat_product_n4_r1,sat_product,SAT,Glucose3,4,1,SAT,,True,True,True,4,solver_default,1,0,0.00033587496727705,0.060469500022009015,0.0001254579983651638,9.895797120407224e-05,3.712502075359225e-05,,0.0001360829919576645,1.8041988369077444e-05,16,68,84,160,,
nqueens_primary_full,nqueens_primary_full_cp_sat_n4_r1,cp_sat,CP-SAT,OR-Tools CP-SAT,4,1,SAT,OPTIMAL,True,True,True,4,,1,0,0.0036082909791730344,0.6140418330323882,,,,0.00038895802572369576,0.0031188750290311873,3.708398435264826e-05,,,,,,
nqueens_primary_full,nqueens_primary_full_sat_binary_n4_r1,sat_binary,SAT,Glucose3,4,1,SAT,,True,True,True,4,solver_default,1,0,0.0002819159999489784,0.08515058399643749,0.0001041659852489829,8.50000069476664e-05,2.662499900907278e-05,,0.00011162500595673919,1.5416007954627275e-05,16,32,48,120,,
nqueens_primary_full,nqueens_primary_full_cp_sat_n8_r1,cp_sat,CP-SAT,OR-Tools CP-SAT,8,1,SAT,OPTIMAL,True,True,True,8,,1,0,0.006984875013586134,0.5437387910205871,,,,0.00040016701677814126,0.006458125018980354,5.099998088553548e-05,,,,,,
nqueens_primary_full,nqueens_primary_full_sat_sequential_n8_r1,sat_sequential,SAT,Glucose3,8,1,SAT,,True,True,True,8,solver_default,1,0,0.0006830000202171504,0.07017762499162927,0.00025229103630408645,0.00019070797134190798,9.629200212657452e-05,,0.0002869999734684825,2.55830236710608e-05,64,210,274,604,,
nqueens_primary_full,nqueens_primary_full_sat_pairwise_n8_r1,sat_pairwise,SAT,Glucose3,8,1,SAT,,True,True,True,8,solver_default,1,0,0.0006449159700423479,0.060017375042662024,0.00021983298938721418,0.0002095420495606959,8.44579772092402e-05,,0.0002940000267699361,1.712498487904668e-05,64,0,64,744,,
nqueens_primary_full,nqueens_primary_full_sat_binary_n8_r1,sat_binary,SAT,Glucose3,8,1,SAT,,True,True,True,8,solver_default,1,0,0.0007353750406764448,0.057512084022164345,0.000289958028588444,0.00021558301523327827,8.166598854586482e-05,,0.0002972490037791431,2.320896601304412e-05,64,110,174,728,,
nqueens_primary_full,nqueens_primary_full_sat_commander_n8_r1,sat_commander,SAT,Glucose3,8,1,SAT,,True,True,True,8,solver_default,1,0,0.0007691250066272914,0.05692687496775761,0.00037825002800673246,0.0001729160430841148,8.66670161485672e-05,,0.000259583059232682,2.116599353030324e-05,64,90,154,544,,
nqueens_primary_full,nqueens_primary_full_sat_product_n8_r1,sat_product,SAT,Glucose3,8,1,SAT,,True,True,True,8,solver_default,1,0,0.0014250840176828206,0.06321270897751674,0.000709459010977298,0.00034737499663606286,0.00012316694483160973,,0.0004705419414676726,3.062497125938535e-05,64,216,280,704,,
nqueens_primary_full,nqueens_primary_full_gurobi_mip_n8_r1,gurobi_mip,MIP,Gurobi Optimizer,8,1,SAT,OPTIMAL,True,True,True,8,,1,0,0.00433187501039356,0.07651079201605171,,,,0.004077374993357807,0.00012133404379710555,6.975000724196434e-05,,,64,,42,
nqueens_primary_full,nqueens_primary_full_cplex_mip_n8_r1,cplex_mip,MIP,IBM ILOG CPLEX,8,1,SAT,integer optimal solution,True,True,True,8,,1,0,0.02842791599687189,0.4772546250023879,,,,0.024998000008054078,0.002484833006747067,3.27499583363533e-05,,,64,,42,
nqueens_primary_full,nqueens_primary_full_cplex_cp_n8_r1,cplex_cp,CP,IBM CP Optimizer,8,1,SAT,Feasible,True,True,True,8,,1,0,0.019425750011578202,0.4151189999538474,,,,0.00046924996422603726,0.018895666988100857,2.1209008991718292e-05,,,,,,
nqueens_primary_full,nqueens_primary_full_cplex_mip_n16_r1,cplex_mip,MIP,IBM ILOG CPLEX,16,1,SAT,integer optimal solution,True,True,True,16,,1,0,0.038810209021903574,0.5943392919725738,,,,0.032668208004906774,0.004891582997515798,0.00018254201859235764,,,256,,90,
nqueens_primary_full,nqueens_primary_full_cplex_cp_n16_r1,cplex_cp,CP,IBM CP Optimizer,16,1,SAT,Feasible,True,True,True,16,,1,0,0.01889158401172608,0.5087193329818547,,,,0.0004934589960612357,0.018293957982677966,4.479096969589591e-05,,,,,,
nqueens_primary_full,nqueens_primary_full_sat_sequential_n16_r1,sat_sequential,SAT,Glucose3,16,1,SAT,,True,True,True,16,solver_default,1,0,0.00966154201887548,0.0761776669532992,0.0012268749997019768,0.0009919169824570417,0.006920416024513543,,0.007912333006970584,8.425000123679638e-05,256,930,1186,2732,,
nqueens_primary_full,nqueens_primary_full_cp_sat_n16_r1,cp_sat,CP-SAT,OR-Tools CP-SAT,16,1,SAT,OPTIMAL,True,True,True,16,,1,0,0.014065374969504774,0.6227298749727197,,,,0.00057366699911654,0.013347833999432623,7.325003389269114e-05,,,,,,
nqueens_primary_full,nqueens_primary_full_sat_commander_n16_r1,sat_commander,SAT,Glucose3,16,1,SAT,,True,True,True,16,solver_default,1,0,0.05099929100833833,0.10871829197276384,0.0013485000235959888,0.0007110410369932652,0.04839937499491498,,0.049110416031908244,7.825001375749707e-05,256,488,744,2688,,
nqueens_primary_full,nqueens_primary_full_sat_pairwise_n16_r1,sat_pairwise,SAT,Glucose3,16,1,SAT,,True,True,True,16,solver_default,1,0,0.01727304101223126,0.0720418329583481,0.004296500002965331,0.0014849170111119747,0.010442790982779115,,0.01192770799389109,4.883395740762353e-05,256,0,256,6352,,
nqueens_primary_full,nqueens_primary_full_gurobi_mip_n16_r1,gurobi_mip,MIP,Gurobi Optimizer,16,1,SAT,OPTIMAL,True,True,True,16,,1,0,0.03337899997131899,0.09870879200752825,,,,0.004165999998804182,0.0286460830247961,0.00045604200568050146,,,256,,90,
nqueens_primary_full,nqueens_primary_full_sat_product_n16_r1,sat_product,SAT,Glucose3,16,1,SAT,,True,True,True,16,solver_default,1,0,0.5078754579881206,0.5667283749789931,0.0010779169970192015,0.0007301670266315341,0.5052784170256928,,0.5060085840523243,0.0002186669735237956,256,608,864,2856,,
nqueens_primary_full,nqueens_primary_full_sat_binary_n16_r1,sat_binary,SAT,Glucose3,16,1,SAT,,True,True,True,16,solver_default,1,0,0.12938537501031533,0.18597399996360764,0.0011732500279322267,0.0010278749978169799,0.1265209170524031,,0.12754879205022007,8.224998600780964e-05,256,316,572,3928,,
nqueens_primary_full,nqueens_primary_full_gurobi_mip_n20_r1,gurobi_mip,MIP,Gurobi Optimizer,20,1,SAT,OPTIMAL,True,True,True,20,,1,0,0.006366292014718056,0.07312291697598994,,,,0.005722666974179447,0.0002692500129342079,0.00031645799754187465,,,400,,114,
nqueens_primary_full,nqueens_primary_full_sat_pairwise_n20_r1,sat_pairwise,SAT,Glucose3,20,1,SAT,,True,True,True,20,solver_default,1,0,0.011546875000931323,0.06540545902680606,0.005244791973382235,0.002860458043869585,0.0015994159621186554,,0.00445987400598824,9.091699030250311e-05,400,0,400,12580,,
nqueens_primary_full,nqueens_primary_full_sat_binary_n20_r1,sat_binary,SAT,Glucose3,20,1,SAT,,True,True,True,20,solver_default,1,0,0.19488645798992366,0.24837604200001806,0.004993374983314425,0.0022634160122834146,0.1861501249950379,,0.18841354100732133,9.520899038761854e-05,400,466,866,7296,,
nqueens_primary_full,nqueens_primary_full_sat_product_n20_r1,sat_product,SAT,Glucose3,20,1,SAT,,True,True,True,20,solver_default,1,0,0.5150816249661148,0.56714637496043,0.003229666966944933,0.0025421659811399877,0.5083679159870371,,0.5109100819681771,0.00011379201896488667,400,854,1254,4520,,
nqueens_primary_full,nqueens_primary_full_cplex_cp_n20_r1,cplex_cp,CP,IBM CP Optimizer,20,1,SAT,Feasible,True,True,True,20,,1,0,0.020527582964859903,0.38107104203663766,,,,0.0009313340415246785,0.018989874981343746,6.145803490653634e-05,,,,,,
nqueens_primary_full,nqueens_primary_full_sat_sequential_n20_r1,sat_sequential,SAT,Glucose3,20,1,SAT,,True,True,True,20,solver_default,1,0,0.023522541974671185,0.0874199999962002,0.004522666975390166,0.001108291035052389,0.01708766701631248,,0.01819595805136487,0.00012212496949359775,400,1482,1882,4372,,
nqueens_primary_full,nqueens_primary_full_cplex_mip_n20_r1,cplex_mip,MIP,IBM ILOG CPLEX,20,1,SAT,integer optimal solution,True,True,True,20,,1,0,0.03605362499365583,0.41686808300437406,,,,0.03129245899617672,0.00410775002092123,0.00012258300557732582,,,400,,114,
nqueens_primary_full,nqueens_primary_full_sat_commander_n20_r1,sat_commander,SAT,Glucose3,20,1,SAT,,True,True,True,20,solver_default,1,0,0.1928506669937633,0.2533765000407584,0.0038793330313637853,0.0010713330120779574,0.187019208970014,,0.18809054198209196,0.00012116599828004837,400,772,1172,4278,,
nqueens_primary_full,nqueens_primary_full_cp_sat_n20_r1,cp_sat,CP-SAT,OR-Tools CP-SAT,20,1,SAT,OPTIMAL,True,True,True,20,,1,0,0.015725000004749745,0.42869812494609505,,,,0.0004421250196173787,0.01519933296367526,4.412501584738493e-05,,,,,,
nqueens_primary_full,nqueens_primary_full_sat_commander_n31_r1,sat_commander,SAT,Glucose3,31,1,SAT,,True,True,True,31,solver_default,1,0,0.7593759580049664,0.8160530420136638,0.009349667001515627,0.0032194580417126417,0.7446797500015236,,0.7478992080432363,0.00022249994799494743,961,1988,2949,10842,,
nqueens_primary_full,nqueens_primary_full_sat_pairwise_n31_r1,sat_pairwise,SAT,Glucose3,31,1,SAT,,True,True,True,31,solver_default,1,0,0.030651125009171665,0.09035999997286126,0.008705457963515073,0.012021083035506308,0.0034934169962070882,,0.015514500031713396,8.37499974295497e-05,961,0,961,47802,,
nqueens_primary_full,nqueens_primary_full_cplex_mip_n31_r1,cplex_mip,MIP,IBM ILOG CPLEX,31,1,SAT,integer optimal solution,True,True,True,31,,1,0,0.03609554102877155,0.6461101669701748,,,,0.02583395899273455,0.009345708007458597,0.0002672919654287398,,,961,,180,
nqueens_primary_full,nqueens_primary_full_cplex_cp_n31_r1,cplex_cp,CP,IBM CP Optimizer,31,1,SAT,Feasible,True,True,True,31,,1,0,0.01741270802449435,0.3983615000033751,,,,0.0005314580048434436,0.016763083986006677,6.36249897070229e-05,,,,,,
nqueens_primary_full,nqueens_primary_full_sat_sequential_n31_r1,sat_sequential,SAT,Glucose3,31,1,SAT,,True,True,True,31,solver_default,1,0,0.03631850000238046,0.09751400002278388,0.005031208042055368,0.0048270830302499235,0.024526124994736165,,0.02935320802498609,0.00025466701481491327,961,3660,4621,10862,,
nqueens_primary_full,nqueens_primary_full_gurobi_mip_n31_r1,gurobi_mip,MIP,Gurobi Optimizer,31,1,SAT,OPTIMAL,True,True,True,31,,1,0,0.02339091699104756,0.08975758397718892,,,,0.006856082996819168,0.01567399996565655,0.0007869579712860286,,,961,,180,
nqueens_primary_full,nqueens_primary_full_sat_product_n31_r1,sat_product,SAT,Glucose3,31,1,SAT,,True,True,True,31,solver_default,1,0,48.85608020797372,48.90075045794947,0.004583665984682739,0.002640874998178333,48.84611933300039,,48.848760207998566,0.00040554202860221267,961,1700,2661,11242,,
nqueens_primary_full,nqueens_primary_full_sat_binary_n31_r1,sat_binary,SAT,Glucose3,31,1,SAT,,True,True,True,31,solver_default,1,0,0.2194730420014821,0.28364579199114814,0.005933541979175061,0.004295999999158084,0.20653445803327486,,0.21083045803243294,0.00013945798855274916,961,796,1757,18538,,
nqueens_primary_full,nqueens_primary_full_cp_sat_n31_r1,cp_sat,CP-SAT,OR-Tools CP-SAT,31,1,SAT,OPTIMAL,True,True,True,31,,1,0,0.04571858298731968,0.5859867079998367,,,,0.0012283750111237168,0.044110083021223545,6.029201904311776e-05,,,,,,
nqueens_primary_full,nqueens_primary_full_cplex_mip_n32_r1,cplex_mip,MIP,IBM ILOG CPLEX,32,1,BLOCKED_LICENSE,,False,,,,,1,0,,,,,,,,,,,,,,
nqueens_primary_full,nqueens_primary_full_sat_commander_n32_r1,sat_commander,SAT,Glucose3,32,1,SAT,,True,True,True,32,solver_default,1,0,1.3263507499941625,1.370822750031948,0.006766041973605752,0.0027929579955525696,1.3146754169720225,,1.317468374967575,0.0002447500010021031,1024,2090,3114,11516,,
nqueens_primary_full,nqueens_primary_full_sat_binary_n32_r1,sat_binary,SAT,Glucose3,32,1,SAT,,True,True,True,32,solver_default,1,0,0.07288100000005215,0.11789291602326557,0.0065703330328688025,0.004720749973785132,0.05860808299621567,,0.0633288329700008,0.00015845795860514045,1024,826,1850,19800,,
nqueens_primary_full,nqueens_primary_full_cplex_cp_n32_r1,cplex_cp,CP,IBM CP Optimizer,32,1,SAT,Feasible,True,True,True,32,,1,0,0.1455815420486033,0.4690397089580074,,,,0.0005095420056022704,0.1449915420380421,4.3124950025230646e-05,,,,,,
nqueens_primary_full,nqueens_primary_full_sat_sequential_n32_r1,sat_sequential,SAT,Glucose3,32,1,SAT,,True,True,True,32,solver_default,1,0,0.15058487502392381,0.19206445902818814,0.004658583027776331,0.0027987079811282456,0.14110912499018013,,0.14390783297130838,0.0002417920040898025,1024,3906,4930,11596,,
nqueens_primary_full,nqueens_primary_full_cp_sat_n32_r1,cp_sat,CP-SAT,OR-Tools CP-SAT,32,1,SAT,OPTIMAL,True,True,True,32,,1,0,0.03413933300180361,0.34395224996842444,,,,0.0004951250157319009,0.03354179102461785,5.858304211869836e-05,,,,,,
nqueens_primary_full,nqueens_primary_full_gurobi_mip_n32_r1,gurobi_mip,MIP,Gurobi Optimizer,32,1,SAT,OPTIMAL,True,True,True,32,,1,0,0.0667114169918932,0.14359483303269371,,,,0.01654787501320243,0.049004375003278255,0.0008577079861424863,,,1024,,186,
nqueens_primary_full,nqueens_primary_full_sat_pairwise_n32_r1,sat_pairwise,SAT,Glucose3,32,1,SAT,,True,True,True,32,solver_default,1,0,0.02887945802649483,0.0728642080212012,0.009153791994322091,0.010970458039082587,0.002416833012830466,,0.013387291051913053,7.937499321997166e-05,1024,0,1024,52640,,
nqueens_primary_full,nqueens_primary_full_sat_product_n32_r1,sat_product,SAT,Glucose3,32,1,SAT,,True,True,True,32,solver_default,1,0,8.551883957989048,8.597608499985654,0.005253624985925853,0.003083124989643693,8.540892208053265,,8.543975333042908,0.0003673749743029475,1024,1772,2796,11928,,
nqueens_primary_full,nqueens_primary_full_cp_sat_n40_r1,cp_sat,CP-SAT,OR-Tools CP-SAT,40,1,SAT,OPTIMAL,True,True,True,40,,1,0,0.0569967080373317,0.3871795839513652,,,,0.0005339580238796771,0.05634462495800108,6.779201794415712e-05,,,,,,
nqueens_primary_full,nqueens_primary_full_sat_sequential_n40_r1,sat_sequential,SAT,Glucose3,40,1,SAT,,True,True,True,40,solver_default,1,0,0.30198720801854506,0.3467045839643106,0.0066126250312663615,0.0044470420107245445,0.287768958020024,,0.29221600003074855,0.0003731659962795675,1600,6162,7762,18332,,
nqueens_primary_full,nqueens_primary_full_cplex_cp_n40_r1,cplex_cp,CP,IBM CP Optimizer,40,1,SAT,Feasible,True,True,True,40,,1,0,0.015301166975405067,0.32701583398738876,,,,0.0005409580189734697,0.014673499972559512,4.479096969589591e-05,,,,,,
nqueens_primary_full,nqueens_primary_full_sat_pairwise_n40_r1,sat_pairwise,SAT,Glucose3,40,1,SAT,,True,True,True,40,solver_default,1,0,0.053910624992568046,0.09959283395437524,0.015520708984695375,0.021741290984209627,0.0043405829928815365,,0.026081873977091163,0.00010925001697614789,1600,0,1600,103560,,
nqueens_primary_full,nqueens_primary_full_sat_commander_n40_r1,sat_commander,SAT,Glucose3,40,1,SAT,,True,True,True,40,solver_default,1,0,1.0189481660490856,1.064090457977727,0.009519916027784348,0.00458629202330485,1.0014804999809712,,1.006066792004276,0.00034683296689763665,1600,3282,4882,18260,,
nqueens_primary_full,nqueens_primary_full_cplex_mip_n40_r1,cplex_mip,MIP,IBM ILOG CPLEX,40,1,BLOCKED_LICENSE,,False,,,,,1,0,,,,,,,,,,,,,,
nqueens_primary_full,nqueens_primary_full_sat_product_n40_r1,sat_product,SAT,Glucose3,40,1,TIMEOUT,,True,,,,solver_default,1,0,,330.0183949160273,,,,,,,,,,,,EXTERNAL_TIMEOUT
nqueens_primary_full,nqueens_primary_full_gurobi_mip_n40_r1,gurobi_mip,MIP,Gurobi Optimizer,40,1,SAT,OPTIMAL,True,True,True,40,,1,0,0.041606125014368445,0.14594845898682252,,,,0.017808833043091,0.022422208974603564,0.0011027079890482128,,,1600,,234,
nqueens_primary_full,nqueens_primary_full_sat_binary_n40_r1,sat_binary,SAT,Glucose3,40,1,SAT,,True,True,True,40,solver_default,1,0,0.03307345899520442,0.08358333300566301,0.008844666997902095,0.007580125005915761,0.012340790999587625,,0.019920916005503386,0.00016674998914822936,1600,1176,2776,35624,,
nqueens_primary_full,nqueens_primary_full_sat_binary_n44_r1,sat_binary,SAT,Glucose3,44,1,SAT,,True,True,True,44,solver_default,1,0,0.03925437503494322,0.0810512499883771,0.01066158403409645,0.009236250014510006,0.014271249994635582,,0.023507500009145588,0.00018849998014047742,1936,1320,3256,43696,,
nqueens_primary_full,nqueens_primary_full_sat_pairwise_n44_r1,sat_pairwise,SAT,Glucose3,44,1,SAT,,True,True,True,44,solver_default,1,0,0.06228470796486363,0.10559979203389958,0.017993457964621484,0.02637712500290945,0.003019166993908584,,0.029396291996818036,0.00013033300638198853,1936,0,1936,138204,,
nqueens_primary_full,nqueens_primary_full_sat_sequential_n44_r1,sat_sequential,SAT,Glucose3,44,1,SAT,,True,True,True,44,solver_default,1,0,0.05355012498330325,0.09393733402248472,0.007117000001017004,0.004977417003829032,0.03815008298261091,,0.04312749998643994,0.000405792030505836,1936,7482,9418,22276,,
nqueens_primary_full,nqueens_primary_full_cp_sat_n44_r1,cp_sat,CP-SAT,OR-Tools CP-SAT,44,1,SAT,OPTIMAL,True,True,True,44,,1,0,0.08990129100857303,0.7251998750143684,,,,0.0020613340311683714,0.08737062499858439,7.308402564376593e-05,,,,,,
nqueens_primary_full,nqueens_primary_full_cplex_mip_n44_r1,cplex_mip,MIP,IBM ILOG CPLEX,44,1,BLOCKED_LICENSE,,False,,,,,1,0,,,,,,,,,,,,,,
nqueens_primary_full,nqueens_primary_full_sat_commander_n44_r1,sat_commander,SAT,Glucose3,44,1,SAT,,True,True,True,44,solver_default,1,0,0.06495437497505918,0.10476887499680743,0.009838041965849698,0.004988458007574081,0.04700770799536258,,0.05199616600293666,0.0002692089765332639,1936,3880,5816,22106,,
nqueens_primary_full,nqueens_primary_full_cplex_cp_n44_r1,cplex_cp,CP,IBM CP Optimizer,44,1,SAT,Feasible,True,True,True,44,,1,0,0.13981491699814796,0.4513725829892792,,,,0.00047262501902878284,0.13926454196916893,4.254200030118227e-05,,,,,,
nqueens_primary_full,nqueens_primary_full_sat_product_n44_r1,sat_product,SAT,Glucose3,44,1,TIMEOUT,,True,,,,solver_default,1,0,,330.0133867909899,,,,,,,,,,,,EXTERNAL_TIMEOUT
nqueens_primary_full,nqueens_primary_full_gurobi_mip_n44_r1,gurobi_mip,MIP,Gurobi Optimizer,44,1,SAT,OPTIMAL,True,True,True,44,,1,0,0.049200667010154575,0.16209237498696893,,,,0.02027450001332909,0.027183709025848657,0.0014599580317735672,,,1936,,258,
nqueens_primary_full,nqueens_primary_full_cplex_cp_n50_r1,cplex_cp,CP,IBM CP Optimizer,50,1,SAT,Feasible,True,True,True,50,,1,0,0.14331854198826477,0.6583388749859296,,,,0.000612833013292402,0.1426175840315409,4.46249614469707e-05,,,,,,
nqueens_primary_full,nqueens_primary_full_sat_binary_n50_r1,sat_binary,SAT,Glucose3,50,1,SAT,,True,True,True,50,solver_default,1,0,0.050315125030465424,0.10666212497744709,0.01551325002219528,0.015243333007674664,0.011111415980849415,,0.02635474898852408,0.00024449999909847975,2500,1536,4036,57244,,
nqueens_primary_full,nqueens_primary_full_cplex_mip_n50_r1,cplex_mip,MIP,IBM ILOG CPLEX,50,1,BLOCKED_LICENSE,,False,,,,,1,0,,,,,,,,,,,,,,
nqueens_primary_full,nqueens_primary_full_cp_sat_n50_r1,cp_sat,CP-SAT,OR-Tools CP-SAT,50,1,SAT,OPTIMAL,True,True,True,50,,1,0,0.1300004159566015,0.6129056669888087,,,,0.0024365829885937274,0.1264662920148112,8.508400060236454e-05,,,,,,
nqueens_primary_full,nqueens_primary_full_sat_product_n50_r1,sat_product,SAT,Glucose3,50,1,TIMEOUT,,True,,,,solver_default,1,0,,330.0178266669973,,,,,,,,,,,,EXTERNAL_TIMEOUT
nqueens_primary_full,nqueens_primary_full_sat_pairwise_n50_r1,sat_pairwise,SAT,Glucose3,50,1,SAT,,True,True,True,50,solver_default,1,0,0.0899445409886539,0.44838066602824256,0.025240540970116854,0.0390416249865666,0.0036429170286282897,,0.04268454201519489,0.00015054200775921345,2500,0,2500,203450,,
nqueens_primary_full,nqueens_primary_full_gurobi_mip_n50_r1,gurobi_mip,MIP,Gurobi Optimizer,50,1,BLOCKED_LICENSE,,False,,,,,1,0,,,,,,,,,,,,,,
nqueens_primary_full,nqueens_primary_full_sat_sequential_n50_r1,sat_sequential,SAT,Glucose3,50,1,SAT,,True,True,True,50,solver_default,1,0,1.442164000007324,1.4828655000310391,0.009571708971634507,0.006108583009336144,1.4220837500179186,,1.4281923330272548,0.0004927910049445927,2500,9702,12202,28912,,
nqueens_primary_full,nqueens_primary_full_sat_commander_n50_r1,sat_commander,SAT,Glucose3,50,1,SAT,,True,True,True,50,solver_default,1,0,0.5753542500315234,0.6185609580134042,0.01227929099695757,0.006143750040791929,0.5528243749868125,,0.5589681250276044,0.0003084169584326446,2500,5014,7514,28726,,
nqueens_primary_full,nqueens_primary_full_sat_product_n64_r1,sat_product,SAT,Glucose3,64,1,TIMEOUT,,True,,,,solver_default,1,0,,330.01740970800165,,,,,,,,,,,,EXTERNAL_TIMEOUT
nqueens_primary_full,nqueens_primary_full_cp_sat_n64_r1,cp_sat,CP-SAT,OR-Tools CP-SAT,64,1,SAT,OPTIMAL,True,True,True,64,,1,0,0.24536420800723135,0.9688800000003539,,,,0.0016159589868038893,0.24330537498462945,0.00010579201625660062,,,,,,
nqueens_primary_full,nqueens_primary_full_cplex_cp_n64_r1,cplex_cp,CP,IBM CP Optimizer,64,1,SAT,Feasible,True,True,True,64,,1,0,0.1829175419989042,0.6315021250047721,,,,0.0008466249564662576,0.1818860420025885,0.00012295797932893038,,,,,,
nqueens_primary_full,nqueens_primary_full_gurobi_mip_n64_r1,gurobi_mip,MIP,Gurobi Optimizer,64,1,BLOCKED_LICENSE,,False,,,,,1,0,,,,,,,,,,,,,,
nqueens_primary_full,nqueens_primary_full_sat_pairwise_n64_r1,sat_pairwise,SAT,Glucose3,64,1,SAT,,True,True,True,64,solver_default,1,0,0.3227633750066161,0.4114035409875214,0.09299600002123043,0.13617374998284504,0.020616416994016618,,0.15679016697686166,0.0002869160380214453,4096,0,4096,428864,,
nqueens_primary_full,nqueens_primary_full_sat_binary_n64_r1,sat_binary,SAT,Glucose3,64,1,SAT,,True,True,True,64,solver_default,1,0,0.0996392919914797,0.16738879203330725,0.03133329201955348,0.03455700003542006,0.01605208299588412,,0.05060908303130418,0.0004344579647295177,4096,2040,6136,95576,,
nqueens_primary_full,nqueens_primary_full_sat_commander_n64_r1,sat_commander,SAT,Glucose3,64,1,SAT,,True,True,True,64,solver_default,1,0,182.75044337497093,182.81916287500644,0.027874916966538876,0.01466591702774167,182.6966542499722,,182.71132016699994,0.0012390829506330192,4096,8346,12442,47644,,
nqueens_primary_full,nqueens_primary_full_sat_sequential_n64_r1,sat_sequential,SAT,Glucose3,64,1,SAT,,True,True,True,64,solver_default,1,0,32.343904833018314,32.417823750001844,0.013597542012576014,0.011356333969160914,32.31056970905047,,32.32192604301963,0.0009701669914647937,4096,16002,20098,47756,,
nqueens_primary_full,nqueens_primary_full_cplex_mip_n64_r1,cplex_mip,MIP,IBM ILOG CPLEX,64,1,BLOCKED_LICENSE,,False,,,,,1,0,,,,,,,,,,,,,,
nqueens_primary_full,nqueens_primary_full_sat_pairwise_n100_r1,sat_pairwise,SAT,Glucose3,100,1,SAT,,True,True,True,100,solver_default,1,0,0.9135883749695495,1.0194312910316512,0.3668001670157537,0.3396357920137234,0.018216124968603253,,0.35785191698232666,0.0004320419975556433,10000,0,10000,1646900,,
nqueens_primary_full,nqueens_primary_full_gurobi_mip_n100_r1,gurobi_mip,MIP,Gurobi Optimizer,100,1,BLOCKED_LICENSE,,False,,,,,1,0,,,,,,,,,,,,,,
nqueens_primary_full,nqueens_primary_full_sat_binary_n100_r1,sat_binary,SAT,Glucose3,100,1,SAT,,True,True,True,100,solver_default,1,0,0.1844832500210032,0.23436375003075227,0.06733479199465364,0.0611611669883132,0.021966208005324006,,0.0831273749936372,0.0006081669707782567,10000,3678,13678,269024,,
nqueens_primary_full,nqueens_primary_full_cp_sat_n100_r1,cp_sat,CP-SAT,OR-Tools CP-SAT,100,1,SAT,OPTIMAL,True,True,True,100,,1,0,0.5105875830049627,1.0556053330074064,,,,0.0015211669960990548,0.5086391660152003,0.00011587503831833601,,,,,,
nqueens_primary_full,nqueens_primary_full_sat_sequential_n100_r1,sat_sequential,SAT,Glucose3,100,1,SAT,,True,True,True,100,solver_default,1,0,58.07746233296348,58.12847395800054,0.03293225000379607,0.02860550000332296,57.996899874997325,,58.02550537500065,0.00201570795616135,10000,39402,49402,117812,,
nqueens_primary_full,nqueens_primary_full_sat_commander_n100_r1,sat_commander,SAT,Glucose3,100,1,SAT,,True,True,True,100,solver_default,1,0,2.5300816249800846,2.6058354999986477,0.04925174999516457,0.029643707966897637,2.432799457979854,,2.462443165946752,0.0011759159970097244,10000,20536,30536,118092,,
nqueens_primary_full,nqueens_primary_full_cplex_mip_n100_r1,cplex_mip,MIP,IBM ILOG CPLEX,100,1,BLOCKED_LICENSE,,False,,,,,1,0,,,,,,,,,,,,,,
nqueens_primary_full,nqueens_primary_full_sat_product_n100_r1,sat_product,SAT,Glucose3,100,1,SAT,,True,True,True,100,solver_default,1,0,0.5034042090410367,0.5487007089541294,0.03322658402612433,0.028974499960895628,0.4247435000143014,,0.453717999975197,0.0008858750225044787,10000,9492,19492,116672,,
nqueens_primary_full,nqueens_primary_full_cplex_cp_n100_r1,cplex_cp,CP,IBM CP Optimizer,100,1,SAT,Feasible,True,True,True,100,,1,0,0.15338129102019593,0.6588305830373429,,,,0.0012682919623330235,0.15197304100729525,8.254102431237698e-05,,,,,,
nqueens_primary_full,nqueens_primary_full_cp_sat_n4_r2,cp_sat,CP-SAT,OR-Tools CP-SAT,4,2,SAT,OPTIMAL,True,True,True,4,,1,0,0.036187624966260046,0.48881037498358637,,,,0.003328584018163383,0.032323666964657605,3.041699528694153e-05,,,,,,
nqueens_primary_full,nqueens_primary_full_sat_binary_n4_r2,sat_binary,SAT,Glucose3,4,2,SAT,,True,True,True,4,solver_default,1,0,0.00024708296405151486,0.0481153330183588,9.279098594561219e-05,6.908300565555692e-05,2.3083994165062904e-05,,9.216699982061982e-05,1.291598891839385e-05,16,32,48,120,,
nqueens_primary_full,nqueens_primary_full_cplex_cp_n4_r2,cplex_cp,CP,IBM CP Optimizer,4,2,SAT,Feasible,True,True,True,4,,1,0,0.0138529579853639,0.3405341660254635,,,,0.0004095829790458083,0.013384875026531518,1.6833015251904726e-05,,,,,,
nqueens_primary_full,nqueens_primary_full_cplex_mip_n4_r2,cplex_mip,MIP,IBM ILOG CPLEX,4,2,SAT,integer optimal solution,True,True,True,4,,1,0,0.10262404102832079,0.48187112499726936,,,,0.06318870902759954,0.03894150000996888,2.241699257865548e-05,,,16,,18,
nqueens_primary_full,nqueens_primary_full_sat_pairwise_n4_r2,sat_pairwise,SAT,Glucose3,4,2,SAT,,True,True,True,4,solver_default,1,0,0.00020150002092123032,0.04692708398215473,6.675004260614514e-05,5.4416945204138756e-05,1.9666971638798714e-05,,7.408391684293747e-05,1.2333039194345474e-05,16,0,16,84,,
nqueens_primary_full,nqueens_primary_full_sat_sequential_n4_r2,sat_sequential,SAT,Glucose3,4,2,SAT,,True,True,True,4,solver_default,1,0,0.0002467079902999103,0.04990949999773875,8.62079905346036e-05,6.874999962747097e-05,2.8334034141153097e-05,,9.708403376862407e-05,1.366704236716032e-05,16,42,58,116,,
nqueens_primary_full,nqueens_primary_full_gurobi_mip_n4_r2,gurobi_mip,MIP,Gurobi Optimizer,4,2,SAT,OPTIMAL,True,True,True,4,,1,0,0.014421665982808918,0.1843277919688262,,,,0.011770541954319924,0.0017986250459216535,8.166703628376126e-05,,,16,,18,
nqueens_primary_full,nqueens_primary_full_sat_product_n4_r2,sat_product,SAT,Glucose3,4,2,SAT,,True,True,True,4,solver_default,1,0,0.0006327920127660036,0.22804741701111197,0.0002484170254319906,0.0002484999713487923,3.554200520738959e-05,,0.0002840419765561819,2.13750172406435e-05,16,68,84,160,,
nqueens_primary_full,nqueens_primary_full_sat_commander_n4_r2,sat_commander,SAT,Glucose3,4,2,SAT,,True,True,True,4,solver_default,1,0,0.0002680830075405538,0.06255345797399059,0.00012108299415558577,6.679201032966375e-05,1.7833022866398096e-05,,8.462503319606185e-05,1.2542004697024822e-05,16,20,36,104,,
nqueens_primary_full,nqueens_primary_full_sat_pairwise_n8_r2,sat_pairwise,SAT,Glucose3,8,2,SAT,,True,True,True,8,solver_default,1,0,0.0014689579838886857,0.09671420796075836,0.0008341660141013563,0.00021041696891188622,0.00019316701218485832,,0.00040358398109674454,3.38749960064888e-05,64,0,64,744,,
nqueens_primary_full,nqueens_primary_full_sat_product_n8_r2,sat_product,SAT,Glucose3,8,2,SAT,,True,True,True,8,solver_default,1,0,0.0020220830338075757,0.13630737498169765,0.0009593750000931323,0.000481416005641222,0.00018683297093957663,,0.0006682489765807986,0.00010000000474974513,64,216,280,704,,
nqueens_primary_full,nqueens_primary_full_cp_sat_n8_r2,cp_sat,CP-SAT,OR-Tools CP-SAT,8,2,SAT,OPTIMAL,True,True,True,8,,1,0,0.010125125001650304,0.6655578749487177,,,,0.0011796660255640745,0.008813041960820556,4.1666964534670115e-05,,,,,,
nqueens_primary_full,nqueens_primary_full_sat_commander_n8_r2,sat_commander,SAT,Glucose3,8,2,SAT,,True,True,True,8,solver_default,1,0,0.0007762089953757823,0.053297124977689236,0.00035566696897149086,0.0001925419783219695,9.129196405410767e-05,,0.0002838339423760772,2.258399035781622e-05,64,90,154,544,,
nqueens_primary_full,nqueens_primary_full_gurobi_mip_n8_r2,gurobi_mip,MIP,Gurobi Optimizer,8,2,SAT,OPTIMAL,True,True,True,8,,1,0,0.002714917005505413,0.12345675000688061,,,,0.0024448339827358723,0.00010741600999608636,8.86659836396575e-05,,,64,,42,
nqueens_primary_full,nqueens_primary_full_sat_binary_n8_r2,sat_binary,SAT,Glucose3,8,2,SAT,,True,True,True,8,solver_default,1,0,0.0017184579628519714,0.11825545894680545,0.0005828749854117632,0.0008847080171108246,9.854196105152369e-05,,0.0009832499781623483,3.066699719056487e-05,64,110,174,728,,
nqueens_primary_full,nqueens_primary_full_sat_sequential_n8_r2,sat_sequential,SAT,Glucose3,8,2,SAT,,True,True,True,8,solver_default,1,0,0.0008305839728564024,0.06513895798707381,0.0003819999983534217,0.0002032910124398768,0.00010008300887420774,,0.00030337402131408453,2.7125002816319466e-05,64,210,274,604,,
nqueens_primary_full,nqueens_primary_full_cplex_mip_n8_r2,cplex_mip,MIP,IBM ILOG CPLEX,8,2,SAT,integer optimal solution,True,True,True,8,,1,0,0.02112154202768579,0.48070700000971556,,,,0.017420999996829778,0.002938374993391335,3.2750016544014215e-05,,,64,,42,
nqueens_primary_full,nqueens_primary_full_cplex_cp_n8_r2,cplex_cp,CP,IBM CP Optimizer,8,2,SAT,Feasible,True,True,True,8,,1,0,0.01569749996997416,0.35810795798897743,,,,0.0004849170218221843,0.015138500020839274,1.9584025721997023e-05,,,,,,
nqueens_primary_full,nqueens_primary_full_sat_product_n16_r2,sat_product,SAT,Glucose3,16,2,SAT,,True,True,True,16,solver_default,1,0,0.5134323749807663,0.5740240829763934,0.0016349999932572246,0.0014218749711290002,0.5096535420161672,,0.5110754169872962,0.0001103340182453394,256,608,864,2856,,
nqueens_primary_full,nqueens_primary_full_sat_binary_n16_r2,sat_binary,SAT,Glucose3,16,2,SAT,,True,True,True,16,solver_default,1,0,0.12568087497493252,0.18675629200879484,0.0011850829469040036,0.0010281660361215472,0.12277104100212455,,0.1237992070382461,9.275000775232911e-05,256,316,572,3928,,
nqueens_primary_full,nqueens_primary_full_cplex_mip_n16_r2,cplex_mip,MIP,IBM ILOG CPLEX,16,2,SAT,integer optimal solution,True,True,True,16,,1,0,0.02414233301533386,0.3879023340414278,,,,0.019686500017996877,0.0038706670165993273,8.404097752645612e-05,,,256,,90,
nqueens_primary_full,nqueens_primary_full_sat_commander_n16_r2,sat_commander,SAT,Glucose3,16,2,SAT,,True,True,True,16,solver_default,1,0,0.05232566600898281,0.10589795804116875,0.0014526660088449717,0.0007492090226151049,0.04959549999330193,,0.05034470901591703,7.683300646021962e-05,256,488,744,2688,,
nqueens_primary_full,nqueens_primary_full_cp_sat_n16_r2,cp_sat,CP-SAT,OR-Tools CP-SAT,16,2,SAT,OPTIMAL,True,True,True,16,,1,0,0.012918375025037676,0.3953394159907475,,,,0.000441625015810132,0.012387541006319225,4.133401671424508e-05,,,,,,
nqueens_primary_full,nqueens_primary_full_sat_sequential_n16_r2,sat_sequential,SAT,Glucose3,16,2,SAT,,True,True,True,16,solver_default,1,0,0.009194249985739589,0.05958216596627608,0.0009070839732885361,0.0007233330397866666,0.007027124986052513,,0.00775045802583918,0.00010191701585426927,256,930,1186,2732,,
nqueens_primary_full,nqueens_primary_full_cplex_cp_n16_r2,cplex_cp,CP,IBM CP Optimizer,16,2,SAT,Feasible,True,True,True,16,,1,0,0.013801291002891958,0.348065875004977,,,,0.0004645829903893173,0.013272958982270211,2.3625034373253584e-05,,,,,,
nqueens_primary_full,nqueens_primary_full_sat_pairwise_n16_r2,sat_pairwise,SAT,Glucose3,16,2,SAT,,True,True,True,16,solver_default,1,0,0.013608707988169044,0.05886729195481166,0.0026114999782294035,0.0013857090380042791,0.008864332980010659,,0.010250042018014938,4.133401671424508e-05,256,0,256,6352,,
nqueens_primary_full,nqueens_primary_full_gurobi_mip_n16_r2,gurobi_mip,MIP,Gurobi Optimizer,16,2,SAT,OPTIMAL,True,True,True,16,,1,0,0.013844166009221226,0.06947791599668562,,,,0.004131083027459681,0.009401083982083946,0.00023683399194851518,,,256,,90,
nqueens_primary_full,nqueens_primary_full_sat_sequential_n20_r2,sat_sequential,SAT,Glucose3,20,2,SAT,,True,True,True,20,solver_default,1,0,0.021163334022276103,0.06847758300136775,0.003026916994713247,0.0011507500312291086,0.016156041994690895,,0.017306792025920004,0.00013141700765118003,400,1482,1882,4372,,
nqueens_primary_full,nqueens_primary_full_cp_sat_n20_r2,cp_sat,CP-SAT,OR-Tools CP-SAT,20,2,SAT,OPTIMAL,True,True,True,20,,1,0,0.01605958299478516,0.40370104199973866,,,,0.00044541596435010433,0.015521334018558264,4.7250010538846254e-05,,,,,,
nqueens_primary_full,nqueens_primary_full_sat_pairwise_n20_r2,sat_pairwise,SAT,Glucose3,20,2,SAT,,True,True,True,20,solver_default,1,0,0.009451250021811575,0.056803374958690256,0.003741582971997559,0.0028775830287486315,0.001181458996143192,,0.0040590420248918235,5.062500713393092e-05,400,0,400,12580,,
nqueens_primary_full,nqueens_primary_full_cplex_mip_n20_r2,cplex_mip,MIP,IBM ILOG CPLEX,20,2,SAT,integer optimal solution,True,True,True,20,,1,0,0.02183979202527553,0.3578855840023607,,,,0.01728004199685529,0.0039049999904818833,0.00011904200073331594,,,400,,114,
nqueens_primary_full,nqueens_primary_full_gurobi_mip_n20_r2,gurobi_mip,MIP,Gurobi Optimizer,20,2,SAT,OPTIMAL,True,True,True,20,,1,0,0.009652417036704719,0.1834674159763381,,,,0.0086349580087699,0.00026699999580159783,0.0006490409723483026,,,400,,114,
nqueens_primary_full,nqueens_primary_full_sat_binary_n20_r2,sat_binary,SAT,Glucose3,20,2,SAT,,True,True,True,20,solver_default,1,0,0.21248962497338653,0.4437682499992661,0.004498291003983468,0.004576499981340021,0.2020191250485368,,0.20659562502987683,0.00014804204693064094,400,466,866,7296,,
nqueens_primary_full,nqueens_primary_full_sat_commander_n20_r2,sat_commander,SAT,Glucose3,20,2,SAT,,True,True,True,20,solver_default,1,0,0.17131758300820366,0.22351308300858364,0.003631416999269277,0.001074999978300184,0.16571954201208428,,0.16679454199038446,0.00014012499013915658,400,772,1172,4278,,
nqueens_primary_full,nqueens_primary_full_sat_product_n20_r2,sat_product,SAT,Glucose3,20,2,SAT,,True,True,True,20,solver_default,1,0,0.4493307080119848,0.4968629999784753,0.0033764999825507402,0.001174541946966201,0.443852333992254,,0.4450268759392202,0.00015183305367827415,400,854,1254,4520,,
nqueens_primary_full,nqueens_primary_full_cplex_cp_n20_r2,cplex_cp,CP,IBM CP Optimizer,20,2,SAT,Feasible,True,True,True,20,,1,0,0.014391584030818194,0.3242385829798877,,,,0.00047670898493379354,0.013835499994456768,2.9499991796910763e-05,,,,,,
nqueens_primary_full,nqueens_primary_full_sat_sequential_n31_r2,sat_sequential,SAT,Glucose3,31,2,SAT,,True,True,True,31,solver_default,1,0,0.02933683298761025,0.07169358298415318,0.0043742909911088645,0.0025560000212863088,0.020662041031755507,,0.023218041053041816,0.0002239999594166875,961,3660,4621,10862,,
nqueens_primary_full,nqueens_primary_full_gurobi_mip_n31_r2,gurobi_mip,MIP,Gurobi Optimizer,31,2,SAT,OPTIMAL,True,True,True,31,,1,0,0.018406666989903897,0.06944437499623746,,,,0.006280917034018785,0.011319749988615513,0.0007293749949894845,,,961,,180,
nqueens_primary_full,nqueens_primary_full_sat_product_n31_r2,sat_product,SAT,Glucose3,31,2,SAT,,True,True,True,31,solver_default,1,0,49.26825491699856,49.31416900001932,0.004674541996791959,0.0026790829724632204,49.25826887501171,,49.26094795798417,0.00035512499744072556,961,1700,2661,11242,,
nqueens_primary_full,nqueens_primary_full_cplex_cp_n31_r2,cplex_cp,CP,IBM CP Optimizer,31,2,SAT,Feasible,True,True,True,31,,1,0,0.13401091698324308,0.6281932910205796,,,,0.0004944580141454935,0.13344150001648813,3.404199378564954e-05,,,,,,
nqueens_primary_full,nqueens_primary_full_sat_commander_n31_r2,sat_commander,SAT,Glucose3,31,2,SAT,,True,True,True,31,solver_default,1,0,0.546859041962307,0.5950771670322865,0.005976291955448687,0.0024674159940332174,0.536540667002555,,0.5390080829965882,0.00022845901548862457,961,1988,2949,10842,,
nqueens_primary_full,nqueens_primary_full_sat_binary_n31_r2,sat_binary,SAT,Glucose3,31,2,SAT,,True,True,True,31,solver_default,1,0,0.20609658397734165,0.24790208297781646,0.005788791982922703,0.004067791043780744,0.19356954196700826,,0.197637333010789,0.00015462504234164953,961,796,1757,18538,,
nqueens_primary_full,nqueens_primary_full_sat_pairwise_n31_r2,sat_pairwise,SAT,Glucose3,31,2,SAT,,True,True,True,31,solver_default,1,0,0.025864750030450523,0.06840491603361443,0.007774083002004772,0.009618874988518655,0.003148583055008203,,0.012767458043526858,7.449998520314693e-05,961,0,961,47802,,
nqueens_primary_full,nqueens_primary_full_cp_sat_n31_r2,cp_sat,CP-SAT,OR-Tools CP-SAT,31,2,SAT,OPTIMAL,True,True,True,31,,1,0,0.04313037497922778,0.4230756670003757,,,,0.0012271250016056001,0.041526124987285584,5.5875047110021114e-05,,,,,,
nqueens_primary_full,nqueens_primary_full_cplex_mip_n31_r2,cplex_mip,MIP,IBM ILOG CPLEX,31,2,SAT,integer optimal solution,True,True,True,31,,1,0,0.07366412499686703,0.3742218750412576,,,,0.0461205419851467,0.02671608404489234,0.00023987499298527837,,,961,,180,
nqueens_primary_full,nqueens_primary_full_cplex_cp_n32_r2,cplex_cp,CP,IBM CP Optimizer,32,2,SAT,Feasible,True,True,True,32,,1,0,0.01399170799413696,0.28842925000935793,,,,0.0004980419762432575,0.013414916989859194,3.6415993236005306e-05,,,,,,
nqueens_primary_full,nqueens_primary_full_gurobi_mip_n32_r2,gurobi_mip,MIP,Gurobi Optimizer,32,2,SAT,OPTIMAL,True,True,True,32,,1,0,0.10927924996940419,0.2572557079838589,,,,0.04238804097985849,0.06554312497610226,0.0007508340058848262,,,1024,,186,
nqueens_primary_full,nqueens_primary_full_sat_sequential_n32_r2,sat_sequential,SAT,Glucose3,32,2,SAT,,True,True,True,32,solver_default,1,0,0.14140116603812203,0.1824349579983391,0.004415583040099591,0.002673375012818724,0.13239691697526723,,0.13507029198808596,0.00023316696751862764,1024,3906,4930,11596,,
nqueens_primary_full,nqueens_primary_full_cplex_mip_n32_r2,cplex_mip,MIP,IBM ILOG CPLEX,32,2,BLOCKED_LICENSE,,False,,,,,1,0,,,,,,,,,,,,,,
nqueens_primary_full,nqueens_primary_full_cp_sat_n32_r2,cp_sat,CP-SAT,OR-Tools CP-SAT,32,2,SAT,OPTIMAL,True,True,True,32,,1,0,0.03480195801239461,0.3437542080064304,,,,0.00048591598169878125,0.034207999997306615,6.304099224507809e-05,,,,,,
nqueens_primary_full,nqueens_primary_full_sat_product_n32_r2,sat_product,SAT,Glucose3,32,2,SAT,,True,True,True,32,solver_default,1,0,7.343838416971266,7.38865237502614,0.004844666982535273,0.0028925000224262476,7.333389999985229,,7.3362825000076555,0.0003733329940587282,1024,1772,2796,11928,,
nqueens_primary_full,nqueens_primary_full_sat_commander_n32_r2,sat_commander,SAT,Glucose3,32,2,SAT,,True,True,True,32,solver_default,1,0,1.1650856250198558,1.2131245420314372,0.006448499974794686,0.002676415955647826,1.153871624963358,,1.1565480409190059,0.000226916978135705,1024,2090,3114,11516,,
nqueens_primary_full,nqueens_primary_full_sat_pairwise_n32_r2,sat_pairwise,SAT,Glucose3,32,2,SAT,,True,True,True,32,solver_default,1,0,0.028158625005744398,0.07101566600613296,0.008985541004221886,0.010732583003118634,0.0023153749643824995,,0.013047957967501134,8.233299013227224e-05,1024,0,1024,52640,,
nqueens_primary_full,nqueens_primary_full_sat_binary_n32_r2,sat_binary,SAT,Glucose3,32,2,SAT,,True,True,True,32,solver_default,1,0,0.06961416697595268,0.11228745896369219,0.005972334009129554,0.004318041959777474,0.056664916977752,,0.060982958937529474,0.00014700001338496804,1024,826,1850,19800,,
nqueens_primary_full,nqueens_primary_full_cp_sat_n40_r2,cp_sat,CP-SAT,OR-Tools CP-SAT,40,2,SAT,OPTIMAL,True,True,True,40,,1,0,0.05312245897948742,0.36482695798622444,,,,0.0005068330210633576,0.0525111670140177,6.0375023167580366e-05,,,,,,
nqueens_primary_full,nqueens_primary_full_cplex_mip_n40_r2,cplex_mip,MIP,IBM ILOG CPLEX,40,2,BLOCKED_LICENSE,,False,,,,,1,0,,,,,,,,,,,,,,
nqueens_primary_full,nqueens_primary_full_cplex_cp_n40_r2,cplex_cp,CP,IBM CP Optimizer,40,2,SAT,Feasible,True,True,True,40,,1,0,0.013490291021298617,0.28451433300506324,,,,0.0005079580005258322,0.012913000013213605,3.6624958738684654e-05,,,,,,
nqueens_primary_full,nqueens_primary_full_sat_sequential_n40_r2,sat_sequential,SAT,Glucose3,40,2,SAT,,True,True,True,40,solver_default,1,0,0.28504762501688674,0.326046459027566,0.006096708995755762,0.004134291026275605,0.2718169160070829,,0.2759512070333585,0.00035191699862480164,1600,6162,7762,18332,,
nqueens_primary_full,nqueens_primary_full_gurobi_mip_n40_r2,gurobi_mip,MIP,Gurobi Optimizer,40,2,SAT,OPTIMAL,True,True,True,40,,1,0,0.02443370799301192,0.07813870802056044,,,,0.008655124984215945,0.014558583032339811,0.0011507089948281646,,,1600,,234,
nqueens_primary_full,nqueens_primary_full_sat_pairwise_n40_r2,sat_pairwise,SAT,Glucose3,40,2,SAT,,True,True,True,40,solver_default,1,0,0.05184387497138232,0.09619762498186901,0.014625749958213419,0.020895833033137023,0.00413204199867323,,0.025027875031810254,0.00010612496407702565,1600,0,1600,103560,,
nqueens_primary_full,nqueens_primary_full_sat_product_n40_r2,sat_product,SAT,Glucose3,40,2,TIMEOUT,,True,,,,solver_default,1,0,,330.01402816700283,,,,,,,,,,,,EXTERNAL_TIMEOUT
nqueens_primary_full,nqueens_primary_full_sat_binary_n40_r2,sat_binary,SAT,Glucose3,40,2,SAT,,True,True,True,40,solver_default,1,0,0.05167608300689608,0.1510439999983646,0.013499957975000143,0.012031666992697865,0.019566875009331852,,0.03159854200202972,0.000218625005800277,1600,1176,2776,35624,,
nqueens_primary_full,nqueens_primary_full_sat_commander_n40_r2,sat_commander,SAT,Glucose3,40,2,SAT,,True,True,True,40,solver_default,1,0,1.3978672079974785,1.4544794160174206,0.011783708003349602,0.00560945802135393,1.3763856250443496,,1.3819950830657035,0.0003761249827221036,1600,3282,4882,18260,,
nqueens_primary_full,nqueens_primary_full_sat_binary_n44_r2,sat_binary,SAT,Glucose3,44,2,SAT,,True,True,True,44,solver_default,1,0,0.05887891602469608,0.11742187500931323,0.015499750035814941,0.01299708295846358,0.02237870794488117,,0.03537579090334475,0.0002638750011101365,1936,1320,3256,43696,,
nqueens_primary_full,nqueens_primary_full_cplex_mip_n44_r2,cplex_mip,MIP,IBM ILOG CPLEX,44,2,BLOCKED_LICENSE,,False,,,,,1,0,,,,,,,,,,,,,,
nqueens_primary_full,nqueens_primary_full_gurobi_mip_n44_r2,gurobi_mip,MIP,Gurobi Optimizer,44,2,SAT,OPTIMAL,True,True,True,44,,1,0,0.10217575001297519,0.266223166952841,,,,0.05102204199647531,0.04854362504556775,0.0018704580143094063,,,1936,,258,
nqueens_primary_full,nqueens_primary_full_sat_commander_n44_r2,sat_commander,SAT,Glucose3,44,2,SAT,,True,True,True,44,solver_default,1,0,0.09148670802824199,0.14550679200328887,0.01385595800820738,0.0069231659872457385,0.06623562501044944,,0.07315879099769518,0.00036516599357128143,1936,3880,5816,22106,,
nqueens_primary_full,nqueens_primary_full_sat_product_n44_r2,sat_product,SAT,Glucose3,44,2,TIMEOUT,,True,,,,solver_default,1,0,,330.0189582920284,,,,,,,,,,,,EXTERNAL_TIMEOUT
nqueens_primary_full,nqueens_primary_full_cp_sat_n44_r2,cp_sat,CP-SAT,OR-Tools CP-SAT,44,2,SAT,OPTIMAL,True,True,True,44,,1,0,0.12946695898426697,0.844173707999289,,,,0.0022241250262595713,0.12654833402484655,9.620800847187638e-05,,,,,,
nqueens_primary_full,nqueens_primary_full_cplex_cp_n44_r2,cplex_cp,CP,IBM CP Optimizer,44,2,SAT,Feasible,True,True,True,44,,1,0,0.14600020897341892,0.5415860830107704,,,,0.0006901249871589243,0.14520758297294378,5.2749994210898876e-05,,,,,,
nqueens_primary_full,nqueens_primary_full_sat_pairwise_n44_r2,sat_pairwise,SAT,Glucose3,44,2,SAT,,True,True,True,44,solver_default,1,0,0.08512929198332131,0.14928516699001193,0.024362375028431416,0.03625137498602271,0.003910875006113201,,0.04016224999213591,0.00015887501649558544,1936,0,1936,138204,,
nqueens_primary_full,nqueens_primary_full_sat_sequential_n44_r2,sat_sequential,SAT,Glucose3,44,2,SAT,,True,True,True,44,solver_default,1,0,0.07262716605328023,0.12546062498586252,0.00915029103634879,0.006763333978597075,0.05230654199840501,,0.059069875977002084,0.00047858303878456354,1936,7482,9418,22276,,
nqueens_primary_full,nqueens_primary_full_gurobi_mip_n50_r2,gurobi_mip,MIP,Gurobi Optimizer,50,2,BLOCKED_LICENSE,,False,,,,,1,0,,,,,,,,,,,,,,
nqueens_primary_full,nqueens_primary_full_cp_sat_n50_r2,cp_sat,CP-SAT,OR-Tools CP-SAT,50,2,SAT,OPTIMAL,True,True,True,50,,1,0,0.12507512501906604,0.5040270420140587,,,,0.0007055840105749667,0.1241622919915244,0.0001212080242112279,,,,,,
nqueens_primary_full,nqueens_primary_full_sat_pairwise_n50_r2,sat_pairwise,SAT,Glucose3,50,2,SAT,,True,True,True,50,solver_default,1,0,0.13191533304052427,0.1941798329935409,0.03528045804705471,0.05868833401473239,0.005639999988488853,,0.06432833400322124,0.000193667015992105,2500,0,2500,203450,,
nqueens_primary_full,nqueens_primary_full_sat_sequential_n50_r2,sat_sequential,SAT,Glucose3,50,2,SAT,,True,True,True,50,solver_default,1,0,2.0992596659925766,2.154594708001241,0.013089540996588767,0.008602750021964312,2.0709564999560826,,2.079559249978047,0.0007707079639658332,2500,9702,12202,28912,,
nqueens_primary_full,nqueens_primary_full_sat_binary_n50_r2,sat_binary,SAT,Glucose3,50,2,SAT,,True,True,True,50,solver_default,1,0,0.061442999984137714,0.1390801250236109,0.0201531249913387,0.018058957997709513,0.012749875022564083,,0.030808833020273596,0.00028916698647662997,2500,1536,4036,57244,,
nqueens_primary_full,nqueens_primary_full_sat_product_n50_r2,sat_product,SAT,Glucose3,50,2,TIMEOUT,,True,,,,solver_default,1,0,,330.01216920797015,,,,,,,,,,,,EXTERNAL_TIMEOUT
nqueens_primary_full,nqueens_primary_full_cplex_mip_n50_r2,cplex_mip,MIP,IBM ILOG CPLEX,50,2,BLOCKED_LICENSE,,False,,,,,1,0,,,,,,,,,,,,,,
nqueens_primary_full,nqueens_primary_full_sat_commander_n50_r2,sat_commander,SAT,Glucose3,50,2,SAT,,True,True,True,50,solver_default,1,0,0.8048440419952385,0.8846049589919858,0.017326207947917283,0.008547040983103216,0.7731886669644155,,0.7817357079475187,0.00042454100912436843,2500,5014,7514,28726,,
nqueens_primary_full,nqueens_primary_full_cplex_cp_n50_r2,cplex_cp,CP,IBM CP Optimizer,50,2,SAT,Feasible,True,True,True,50,,1,0,0.15472708398010582,0.6982849999913014,,,,0.0007081669755280018,0.1539174999925308,5.645799683406949e-05,,,,,,
nqueens_primary_full,nqueens_primary_full_cp_sat_n64_r2,cp_sat,CP-SAT,OR-Tools CP-SAT,64,2,SAT,OPTIMAL,True,True,True,64,,1,0,0.22380162501940504,0.6834054159699008,,,,0.0015380830154754221,0.22182737500406802,0.00010516704060137272,,,,,,
nqueens_primary_full,nqueens_primary_full_sat_pairwise_n64_r2,sat_pairwise,SAT,Glucose3,64,2,SAT,,True,True,True,64,solver_default,1,0,0.2733330420451239,0.3394404160208069,0.08053362503414974,0.11266020900802687,0.016377833031583577,,0.12903804203961045,0.00027179199969395995,4096,0,4096,428864,,
nqueens_primary_full,nqueens_primary_full_sat_binary_n64_r2,sat_binary,SAT,Glucose3,64,2,SAT,,True,True,True,64,solver_default,1,0,0.09012079203967005,0.14607699995394796,0.029142750019673258,0.029674959019757807,0.014078292006161064,,0.04375325102591887,0.00043124996591359377,4096,2040,6136,95576,,
nqueens_primary_full,nqueens_primary_full_sat_commander_n64_r2,sat_commander,SAT,Glucose3,64,2,SAT,,True,True,True,64,solver_default,1,0,143.16012429102557,143.22180195804685,0.027419416001066566,0.016168457979802042,143.10079066699836,,143.11695912497817,0.002390666981227696,4096,8346,12442,47644,,
nqueens_primary_full,nqueens_primary_full_cplex_mip_n64_r2,cplex_mip,MIP,IBM ILOG CPLEX,64,2,BLOCKED_LICENSE,,False,,,,,1,0,,,,,,,,,,,,,,
nqueens_primary_full,nqueens_primary_full_sat_product_n64_r2,sat_product,SAT,Glucose3,64,2,TIMEOUT,,True,,,,solver_default,1,0,,330.0443114580121,,,,,,,,,,,,EXTERNAL_TIMEOUT
nqueens_primary_full,nqueens_primary_full_gurobi_mip_n64_r2,gurobi_mip,MIP,Gurobi Optimizer,64,2,BLOCKED_LICENSE,,False,,,,,1,0,,,,,,,,,,,,,,
nqueens_primary_full,nqueens_primary_full_cplex_cp_n64_r2,cplex_cp,CP,IBM CP Optimizer,64,2,SAT,Feasible,True,True,True,64,,1,0,0.24094208399765193,1.4062938339775428,,,,0.0018525829655118287,0.2389369590091519,9.14999982342124e-05,,,,,,
nqueens_primary_full,nqueens_primary_full_sat_sequential_n64_r2,sat_sequential,SAT,Glucose3,64,2,SAT,,True,True,True,64,solver_default,1,0,55.37308770901291,55.47663745901082,0.0281619590241462,0.024460499989800155,55.30625808297191,,55.33071858296171,0.001581416989210993,4096,16002,20098,47756,,
nqueens_primary_full,nqueens_primary_full_sat_binary_n100_r2,sat_binary,SAT,Glucose3,100,2,SAT,,True,True,True,100,solver_default,1,0,0.319705875008367,0.4273997090058401,0.14555029204348102,0.09161716600647196,0.029860375041607767,,0.12147754104807973,0.0007110830047167838,10000,3678,13678,269024,,
nqueens_primary_full,nqueens_primary_full_sat_sequential_n100_r2,sat_sequential,SAT,Glucose3,100,2,SAT,,True,True,True,100,solver_default,1,0,75.13522091601044,75.21375120797893,0.04458512499695644,0.038385833031497896,75.02408791700145,,75.06247375003295,0.003036291978787631,10000,39402,49402,117812,,
nqueens_primary_full,nqueens_primary_full_sat_product_n100_r2,sat_product,SAT,Glucose3,100,2,SAT,,True,True,True,100,solver_default,1,0,0.7374991669785231,0.834789082990028,0.04425054200692102,0.04411154199624434,0.6250740410177968,,0.6691855830140412,0.0010785830090753734,10000,9492,19492,116672,,
nqueens_primary_full,nqueens_primary_full_gurobi_mip_n100_r2,gurobi_mip,MIP,Gurobi Optimizer,100,2,BLOCKED_LICENSE,,False,,,,,1,0,,,,,,,,,,,,,,
nqueens_primary_full,nqueens_primary_full_cp_sat_n100_r2,cp_sat,CP-SAT,OR-Tools CP-SAT,100,2,SAT,OPTIMAL,True,True,True,100,,1,0,0.8077845830121078,1.6120886669959873,,,,0.0020900829695165157,0.8050409999559633,0.00018554198322817683,,,,,,
nqueens_primary_full,nqueens_primary_full_sat_pairwise_n100_r2,sat_pairwise,SAT,Glucose3,100,2,SAT,,True,True,True,100,solver_default,1,0,1.462731708015781,1.5989082499872893,0.5960862499778159,0.5420139579800889,0.02758183394325897,,0.5695957919233479,0.0007875830051489174,10000,0,10000,1646900,,
nqueens_primary_full,nqueens_primary_full_cplex_mip_n100_r2,cplex_mip,MIP,IBM ILOG CPLEX,100,2,BLOCKED_LICENSE,,False,,,,,1,0,,,,,,,,,,,,,,
nqueens_primary_full,nqueens_primary_full_sat_commander_n100_r2,sat_commander,SAT,Glucose3,100,2,SAT,,True,True,True,100,solver_default,1,0,3.9132036669761874,3.992684917000588,0.08824791701044887,0.04282295802840963,3.754942708997987,,3.797765667026397,0.0018049170030280948,10000,20536,30536,118092,,
nqueens_primary_full,nqueens_primary_full_cplex_cp_n100_r2,cplex_cp,CP,IBM CP Optimizer,100,2,SAT,Feasible,True,True,True,100,,1,0,0.22123270796146244,0.8499087079544552,,,,0.001114749989937991,0.21993937500519678,0.0001253749942407012,,,,,,
nqueens_primary_full,nqueens_primary_full_sat_product_n4_r3,sat_product,SAT,Glucose3,4,3,SAT,,True,True,True,4,solver_default,1,0,0.0006405839812941849,0.07319933397229761,0.0002477919915691018,0.0001788749941624701,6.204203236848116e-05,,0.00024091702653095126,2.31250305660069e-05,16,68,84,160,,
nqueens_primary_full,nqueens_primary_full_sat_sequential_n4_r3,sat_sequential,SAT,Glucose3,4,3,SAT,,True,True,True,4,solver_default,1,0,0.00031833298271521926,0.0682493339991197,0.00011912500485777855,8.683302439749241e-05,3.674998879432678e-05,,0.0001235830131918192,1.837499439716339e-05,16,42,58,116,,
nqueens_primary_full,nqueens_primary_full_sat_binary_n4_r3,sat_binary,SAT,Glucose3,4,3,SAT,,True,True,True,4,solver_default,1,0,0.00033666699891909957,0.060734374972525984,0.00013320898870006204,8.779100608080626e-05,3.349996404722333e-05,,0.00012129097012802958,1.7832964658737183e-05,16,32,48,120,,
nqueens_primary_full,nqueens_primary_full_sat_commander_n4_r3,sat_commander,SAT,Glucose3,4,3,SAT,,True,True,True,4,solver_default,1,0,0.00034550001146271825,0.06244624999817461,0.00016766699263826013,8.254096610471606e-05,2.2499996703118086e-05,,0.00010504096280783415,1.754198456183076e-05,16,20,36,104,,
nqueens_primary_full,nqueens_primary_full_cplex_mip_n4_r3,cplex_mip,MIP,IBM ILOG CPLEX,4,3,SAT,integer optimal solution,True,True,True,4,,1,0,0.11600095796165988,0.593227332981769,,,,0.07210058299824595,0.043300417019054294,2.575002145022154e-05,,,16,,18,
nqueens_primary_full,nqueens_primary_full_sat_pairwise_n4_r3,sat_pairwise,SAT,Glucose3,4,3,SAT,,True,True,True,4,solver_default,1,0,0.0002870410098694265,0.06167745898710564,8.537498069927096e-05,6.912503158673644e-05,6.612500874325633e-05,,0.00013525004032999277,1.9291008356958628e-05,16,0,16,84,,
nqueens_primary_full,nqueens_primary_full_gurobi_mip_n4_r3,gurobi_mip,MIP,Gurobi Optimizer,4,3,SAT,OPTIMAL,True,True,True,4,,1,0,0.012606000003870577,0.15000683296239004,,,,0.010468832973856479,0.0016506669926457107,5.058397073298693e-05,,,16,,18,
nqueens_primary_full,nqueens_primary_full_cplex_cp_n4_r3,cplex_cp,CP,IBM CP Optimizer,4,3,SAT,Feasible,True,True,True,4,,1,0,0.02111533301649615,0.41137591598089784,,,,0.0005677909939549863,0.020475667028222233,2.3250002413988113e-05,,,,,,
nqueens_primary_full,nqueens_primary_full_cp_sat_n4_r3,cp_sat,CP-SAT,OR-Tools CP-SAT,4,3,SAT,OPTIMAL,True,True,True,4,,1,0,0.002917833044193685,0.4973388339858502,,,,0.0004003749927505851,0.002454291970934719,2.241699257865548e-05,,,,,,
nqueens_primary_full,nqueens_primary_full_sat_product_n8_r3,sat_product,SAT,Glucose3,8,3,SAT,,True,True,True,8,solver_default,1,0,0.0011111669591628015,0.06291500001680106,0.00044949998846277595,0.00029091699980199337,0.00015470804646611214,,0.0004456250462681055,3.445800393819809e-05,64,216,280,704,,
nqueens_primary_full,nqueens_primary_full_sat_sequential_n8_r3,sat_sequential,SAT,Glucose3,8,3,SAT,,True,True,True,8,solver_default,1,0,0.0008280829642899334,0.05733829201199114,0.00030141696333885193,0.00022954202722758055,0.00012199999764561653,,0.0003515420248731971,3.170798299834132e-05,64,210,274,604,,
nqueens_primary_full,nqueens_primary_full_gurobi_mip_n8_r3,gurobi_mip,MIP,Gurobi Optimizer,8,3,SAT,OPTIMAL,True,True,True,8,,1,0,0.0018365830183029175,0.07335379102732986,,,,0.0015652920119464397,0.0001260410062968731,8.645898196846247e-05,,,64,,42,
nqueens_primary_full,nqueens_primary_full_sat_binary_n8_r3,sat_binary,SAT,Glucose3,8,3,SAT,,True,True,True,8,solver_default,1,0,0.0010056659812107682,0.05866112501826137,0.00040312495548278093,0.0002932920469902456,0.0001117499778047204,,0.000405042024794966,3.095902502536774e-05,64,110,174,728,,
nqueens_primary_full,nqueens_primary_full_cplex_cp_n8_r3,cplex_cp,CP,IBM CP Optimizer,8,3,SAT,Feasible,True,True,True,8,,1,0,0.01792341604596004,0.43250000005355105,,,,0.0005663339979946613,0.017287916969507933,2.32499442063272e-05,,,,,,
nqueens_primary_full,nqueens_primary_full_sat_commander_n8_r3,sat_commander,SAT,Glucose3,8,3,SAT,,True,True,True,8,solver_default,1,0,0.0010292500373907387,0.06870950001757592,0.0004865830414928496,0.0002505839802324772,0.00012458302080631256,,0.00037516700103878975,2.7959002181887627e-05,64,90,154,544,,
nqueens_primary_full,nqueens_primary_full_sat_pairwise_n8_r3,sat_pairwise,SAT,Glucose3,8,3,SAT,,True,True,True,8,solver_default,1,0,0.0008037909865379333,0.059031167009379715,0.0002750410349108279,0.00026175001403316855,0.00010737497359514236,,0.0003691249876283109,2.012500772252679e-05,64,0,64,744,,
nqueens_primary_full,nqueens_primary_full_cp_sat_n8_r3,cp_sat,CP-SAT,OR-Tools CP-SAT,8,3,SAT,OPTIMAL,True,True,True,8,,1,0,0.006509958009701222,0.4695754579734057,,,,0.00048570800572633743,0.005930582992732525,3.9041973650455475e-05,,,,,,
nqueens_primary_full,nqueens_primary_full_cplex_mip_n8_r3,cplex_mip,MIP,IBM ILOG CPLEX,8,3,SAT,integer optimal solution,True,True,True,8,,1,0,0.029956959013361484,0.4900469579733908,,,,0.026242417050525546,0.0030117080314084888,3.837497206404805e-05,,,64,,42,
nqueens_primary_full,nqueens_primary_full_cplex_cp_n16_r3,cplex_cp,CP,IBM CP Optimizer,16,3,SAT,Feasible,True,True,True,16,,1,0,0.02285895898239687,0.4629162499913946,,,,0.0006292499601840973,0.022057207999750972,9.024998871609569e-05,,,,,,
nqueens_primary_full,nqueens_primary_full_cplex_mip_n16_r3,cplex_mip,MIP,IBM ILOG CPLEX,16,3,SAT,integer optimal solution,True,True,True,16,,1,0,0.03109591599786654,0.49839495797641575,,,,0.026489917014259845,0.003918249974958599,9.97089664451778e-05,,,256,,90,
nqueens_primary_full,nqueens_primary_full_sat_sequential_n16_r3,sat_sequential,SAT,Glucose3,16,3,SAT,,True,True,True,16,solver_default,1,0,0.011461166955996305,0.07633741601603106,0.0011840419610962272,0.0009282910032197833,0.008676042023580521,,0.009604333026800305,0.00011224998161196709,256,930,1186,2732,,
nqueens_primary_full,nqueens_primary_full_sat_pairwise_n16_r3,sat_pairwise,SAT,Glucose3,16,3,SAT,,True,True,True,16,solver_default,1,0,0.02033479098463431,0.15384883299702778,0.0036593329859897494,0.0019503330113366246,0.013581375009380281,,0.015531708020716906,0.00010645895963534713,256,0,256,6352,,
nqueens_primary_full,nqueens_primary_full_sat_binary_n16_r3,sat_binary,SAT,Glucose3,16,3,SAT,,True,True,True,16,solver_default,1,0,0.14664937503403053,0.21592749998671934,0.0015641250065527856,0.0013578340294770896,0.1428431670065038,,0.14420100103598088,0.00012462498852983117,256,316,572,3928,,
nqueens_primary_full,nqueens_primary_full_sat_product_n16_r3,sat_product,SAT,Glucose3,16,3,SAT,,True,True,True,16,solver_default,1,0,0.6297601669793949,0.6973450839868747,0.0014054999919608235,0.001102540991269052,0.626318208000157,,0.6274207489914261,0.00015491596423089504,256,608,864,2856,,
nqueens_primary_full,nqueens_primary_full_sat_commander_n16_r3,sat_commander,SAT,Glucose3,16,3,SAT,,True,True,True,16,solver_default,1,0,0.06833362497854978,0.13371812499826774,0.0019380419980734587,0.001002917008008808,0.06467458297265694,,0.06567749998066574,0.00011449999874457717,256,488,744,2688,,
nqueens_primary_full,nqueens_primary_full_cp_sat_n16_r3,cp_sat,CP-SAT,OR-Tools CP-SAT,16,3,SAT,OPTIMAL,True,True,True,16,,1,0,0.0251896659610793,0.8808628750266507,,,,0.001233166956808418,0.02378295798553154,8.954200893640518e-05,,,,,,
nqueens_primary_full,nqueens_primary_full_gurobi_mip_n16_r3,gurobi_mip,MIP,Gurobi Optimizer,16,3,SAT,OPTIMAL,True,True,True,16,,1,0,0.07598391699139029,0.23235737497452646,,,,0.020518707984592766,0.05504283303162083,0.0003196659963577986,,,256,,90,
nqueens_primary_full,nqueens_primary_full_sat_sequential_n20_r3,sat_sequential,SAT,Glucose3,20,3,SAT,,True,True,True,20,solver_default,1,0,0.0370444169966504,0.14718887500930578,0.004134124959819019,0.0021306249545887113,0.02950212499126792,,0.03163274994585663,0.0002347080153413117,400,1482,1882,4372,,
nqueens_primary_full,nqueens_primary_full_cplex_mip_n20_r3,cplex_mip,MIP,IBM ILOG CPLEX,20,3,SAT,integer optimal solution,True,True,True,20,,1,0,0.030993458000011742,0.6684000830282457,,,,0.025280082947574556,0.004927416972350329,0.00014891597675159574,,,400,,114,
nqueens_primary_full,nqueens_primary_full_gurobi_mip_n20_r3,gurobi_mip,MIP,Gurobi Optimizer,20,3,SAT,OPTIMAL,True,True,True,20,,1,0,0.006826708966400474,0.08281316701322794,,,,0.005956041975878179,0.00035779201425611973,0.00044475001050159335,,,400,,114,
nqueens_primary_full,nqueens_primary_full_sat_product_n20_r3,sat_product,SAT,Glucose3,20,3,SAT,,True,True,True,20,solver_default,1,0,0.6423150830087252,0.7097678329446353,0.004378416982945055,0.0014185000327415764,0.6352791659883223,,0.6366976660210639,0.00019333302043378353,400,854,1254,4520,,
nqueens_primary_full,nqueens_primary_full_cplex_cp_n20_r3,cplex_cp,CP,IBM CP Optimizer,20,3,SAT,Feasible,True,True,True,20,,1,0,0.020766208006534725,0.48734770802548155,,,,0.0006769589963369071,0.019975541974417865,5.6124990805983543e-05,,,,,,
nqueens_primary_full,nqueens_primary_full_sat_binary_n20_r3,sat_binary,SAT,Glucose3,20,3,SAT,,True,True,True,20,solver_default,1,0,0.24968766601523384,0.31557299999985844,0.0054347499972209334,0.002406415995210409,0.24020266701700166,,0.24260908301221207,0.00016983301611617208,400,466,866,7296,,
nqueens_primary_full,nqueens_primary_full_cp_sat_n20_r3,cp_sat,CP-SAT,OR-Tools CP-SAT,20,3,SAT,OPTIMAL,True,True,True,20,,1,0,0.022202416032087058,0.5557075000251643,,,,0.0005868329899385571,0.021489584003575146,6.137497257441282e-05,,,,,,
nqueens_primary_full,nqueens_primary_full_sat_commander_n20_r3,sat_commander,SAT,Glucose3,20,3,SAT,,True,True,True,20,solver_default,1,0,0.22720341698732227,0.3003288329928182,0.0048814170295372605,0.0014797909534536302,0.21966491697821766,,0.2211447079316713,0.00014812499284744263,400,772,1172,4278,,
nqueens_primary_full,nqueens_primary_full_sat_pairwise_n20_r3,sat_pairwise,SAT,Glucose3,20,3,SAT,,True,True,True,20,solver_default,1,0,0.012174875009804964,0.07439279201207682,0.004749124986119568,0.0037952500279061496,0.0015517090214416385,,0.005346959049347788,5.9583981055766344e-05,400,0,400,12580,,
nqueens_primary_full,nqueens_primary_full_sat_commander_n31_r3,sat_commander,SAT,Glucose3,31,3,SAT,,True,True,True,31,solver_default,1,0,0.9648583749658428,1.0303154999855906,0.009598292002920061,0.0038940830272622406,0.948532916023396,,0.9524269990506582,0.0003220000071451068,961,1988,2949,10842,,
nqueens_primary_full,nqueens_primary_full_cplex_cp_n31_r3,cplex_cp,CP,IBM CP Optimizer,31,3,SAT,Feasible,True,True,True,31,,1,0,0.019507791963405907,0.47023695800453424,,,,0.0007944160024635494,0.01859462499851361,5.545798921957612e-05,,,,,,
nqueens_primary_full,nqueens_primary_full_sat_sequential_n31_r3,sat_sequential,SAT,Glucose3,31,3,SAT,,True,True,True,31,solver_default,1,0,0.04415812494698912,0.10507466702256352,0.006428958964534104,0.003734000027179718,0.03135704202577472,,0.035091042052954435,0.0003897090209648013,961,3660,4621,10862,,
nqueens_primary_full,nqueens_primary_full_gurobi_mip_n31_r3,gurobi_mip,MIP,Gurobi Optimizer,31,3,SAT,OPTIMAL,True,True,True,31,,1,0,0.027659584011416882,0.10296074999496341,,,,0.009949499974027276,0.01652000000467524,0.0010179589735344052,,,961,,180,
nqueens_primary_full,nqueens_primary_full_sat_product_n31_r3,sat_product,SAT,Glucose3,31,3,SAT,,True,True,True,31,solver_default,1,0,151.6196081250091,151.6999346250086,0.007305542007088661,0.004179000039584935,151.5949291670113,,151.59910816705087,0.008018583001103252,961,1700,2661,11242,,
nqueens_primary_full,nqueens_primary_full_cp_sat_n31_r3,cp_sat,CP-SAT,OR-Tools CP-SAT,31,3,SAT,OPTIMAL,True,True,True,31,,1,0,0.14467145805247128,1.1584030410158448,,,,0.004133499984163791,0.1396790830185637,0.00018558400915935636,,,,,,
nqueens_primary_full,nqueens_primary_full_sat_binary_n31_r3,sat_binary,SAT,Glucose3,31,3,SAT,,True,True,True,31,solver_default,1,0,0.4977807500399649,0.6004830829915591,0.01119445904623717,0.012297332985326648,0.46692266600439325,,0.4792199989897199,0.00033662497298792005,961,796,1757,18538,,
nqueens_primary_full,nqueens_primary_full_sat_pairwise_n31_r3,sat_pairwise,SAT,Glucose3,31,3,SAT,,True,True,True,31,solver_default,1,0,0.06086712499381974,0.16138608299661428,0.018577208975329995,0.02160329098114744,0.007686167024075985,,0.029289458005223423,0.00014412502059713006,961,0,961,47802,,
nqueens_primary_full,nqueens_primary_full_cplex_mip_n31_r3,cplex_mip,MIP,IBM ILOG CPLEX,31,3,SAT,integer optimal solution,True,True,True,31,,1,0,0.1451474580098875,0.863129207980819,,,,0.07192579202819616,0.07117624999955297,0.0009818749967962503,,,961,,180,
nqueens_primary_full,nqueens_primary_full_cp_sat_n32_r3,cp_sat,CP-SAT,OR-Tools CP-SAT,32,3,SAT,OPTIMAL,True,True,True,32,,1,0,0.06702100002439693,0.7965920830029063,,,,0.0007824589847587049,0.0660798330209218,8.90420051291585e-05,,,,,,
nqueens_primary_full,nqueens_primary_full_sat_binary_n32_r3,sat_binary,SAT,Glucose3,32,3,SAT,,True,True,True,32,solver_default,1,0,0.15413033397635445,0.23632608295883983,0.01152958394959569,0.009162875008769333,0.12769316602498293,,0.13685604103375226,0.000218625005800277,1024,826,1850,19800,,
nqueens_primary_full,nqueens_primary_full_sat_pairwise_n32_r3,sat_pairwise,SAT,Glucose3,32,3,SAT,,True,True,True,32,solver_default,1,0,0.06817437498830259,0.20380212500458583,0.021737166971433908,0.023279457993339747,0.008359917032066733,,0.03163937502540648,0.00019004096975550056,1024,0,1024,52640,,
nqueens_primary_full,nqueens_primary_full_sat_product_n32_r3,sat_product,SAT,Glucose3,32,3,SAT,,True,True,True,32,solver_default,1,0,15.621428875019774,15.7389407500159,0.013352208014111966,0.008628874958958477,15.594314208021387,,15.602943082980346,0.00041595904622226954,1024,1772,2796,11928,,
nqueens_primary_full,nqueens_primary_full_gurobi_mip_n32_r3,gurobi_mip,MIP,Gurobi Optimizer,32,3,SAT,OPTIMAL,True,True,True,32,,1,0,0.10734983300790191,0.25981595896882936,,,,0.024332915956620127,0.08123841701308265,0.001388167031109333,,,1024,,186,
nqueens_primary_full,nqueens_primary_full_cplex_mip_n32_r3,cplex_mip,MIP,IBM ILOG CPLEX,32,3,BLOCKED_LICENSE,,False,,,,,1,0,,,,,,,,,,,,,,
nqueens_primary_full,nqueens_primary_full_sat_commander_n32_r3,sat_commander,SAT,Glucose3,32,3,SAT,,True,True,True,32,solver_default,1,0,2.317738833022304,2.401048458996229,0.012704041029792279,0.004561666981317103,2.296692375035491,,2.301254042016808,0.0006651250296272337,1024,2090,3114,11516,,
nqueens_primary_full,nqueens_primary_full_cplex_cp_n32_r3,cplex_cp,CP,IBM CP Optimizer,32,3,SAT,Feasible,True,True,True,32,,1,0,0.332337333005853,1.2760102920001373,,,,0.0007479590130969882,0.33147845801431686,5.9333979152143e-05,,,,,,
nqueens_primary_full,nqueens_primary_full_sat_sequential_n32_r3,sat_sequential,SAT,Glucose3,32,3,SAT,,True,True,True,32,solver_default,1,0,0.33191925002029166,0.43322170799365267,0.010563291027210653,0.005722125002648681,0.311591791047249,,0.31731391604989767,0.00044591695768758655,1024,3906,4930,11596,,
nqueens_primary_full,nqueens_primary_full_sat_pairwise_n40_r3,sat_pairwise,SAT,Glucose3,40,3,SAT,,True,True,True,40,solver_default,1,0,0.09708529099589214,0.2340394999482669,0.03179229097440839,0.03871341602643952,0.006395290954969823,,0.04510870698140934,0.0001652080100029707,1600,0,1600,103560,,
nqueens_primary_full,nqueens_primary_full_cplex_cp_n40_r3,cplex_cp,CP,IBM CP Optimizer,40,3,SAT,Feasible,True,True,True,40,,1,0,0.026913915993645787,0.5282124999794178,,,,0.001377625041641295,0.025350707990583032,7.237499812617898e-05,,,,,,
nqueens_primary_full,nqueens_primary_full_cp_sat_n40_r3,cp_sat,CP-SAT,OR-Tools CP-SAT,40,3,SAT,OPTIMAL,True,True,True,40,,1,0,0.11838387500029057,0.7946831670124084,,,,0.004349750000983477,0.11332616704748943,9.183300426229835e-05,,,,,,
nqueens_primary_full,nqueens_primary_full_sat_commander_n40_r3,sat_commander,SAT,Glucose3,40,3,SAT,,True,True,True,40,solver_default,1,0,2.5596534999785945,2.6735619999817573,0.019877707993146032,0.008426374988630414,2.5258041659835726,,2.534230540972203,0.00074058398604393,1600,3282,4882,18260,,
nqueens_primary_full,nqueens_primary_full_gurobi_mip_n40_r3,gurobi_mip,MIP,Gurobi Optimizer,40,3,SAT,OPTIMAL,True,True,True,40,,1,0,0.05162945797201246,0.16170416702516377,,,,0.01752141601173207,0.0309209999977611,0.0030053340015001595,,,1600,,234,
nqueens_primary_full,nqueens_primary_full_sat_binary_n40_r3,sat_binary,SAT,Glucose3,40,3,SAT,,True,True,True,40,solver_default,1,0,0.0936395829776302,0.18452083296142519,0.02874516701558605,0.020723082998301834,0.03399129101308063,,0.05471437401138246,0.00033712497679516673,1600,1176,2776,35624,,
nqueens_primary_full,nqueens_primary_full_cplex_mip_n40_r3,cplex_mip,MIP,IBM ILOG CPLEX,40,3,BLOCKED_LICENSE,,False,,,,,1,0,,,,,,,,,,,,,,
nqueens_primary_full,nqueens_primary_full_sat_sequential_n40_r3,sat_sequential,SAT,Glucose3,40,3,SAT,,True,True,True,40,solver_default,1,0,0.8128522089682519,0.9272063749958761,0.018006708996836096,0.011848958034534007,0.7747968329931609,,0.7866457910276949,0.0005980840069241822,1600,6162,7762,18332,,
nqueens_primary_full,nqueens_primary_full_sat_product_n40_r3,sat_product,SAT,Glucose3,40,3,TIMEOUT,,True,,,,solver_default,1,0,,330.0670285410015,,,,,,,,,,,,EXTERNAL_TIMEOUT
nqueens_primary_full,nqueens_primary_full_cp_sat_n44_r3,cp_sat,CP-SAT,OR-Tools CP-SAT,44,3,SAT,OPTIMAL,True,True,True,44,,1,0,0.40654937498038635,3.241746416024398,,,,0.004446875012945384,0.4001846670289524,0.00042112497612833977,,,,,,
nqueens_primary_full,nqueens_primary_full_sat_pairwise_n44_r3,sat_pairwise,SAT,Glucose3,44,3,SAT,,True,True,True,44,solver_default,1,0,0.2891382500529289,0.5085674999863841,0.0720752920024097,0.12311975000193343,0.024021167017053813,,0.14714091701898724,0.00046387495240196586,1936,0,1936,138204,,
nqueens_primary_full,nqueens_primary_full_gurobi_mip_n44_r3,gurobi_mip,MIP,Gurobi Optimizer,44,3,SAT,OPTIMAL,True,True,True,44,,1,0,0.16053045797161758,0.4434194159694016,,,,0.062101790972519666,0.08944599999813363,0.008001625014003366,,,1936,,258,
nqueens_primary_full,nqueens_primary_full_sat_commander_n44_r3,sat_commander,SAT,Glucose3,44,3,SAT,,True,True,True,44,solver_default,1,0,0.29246358398813754,0.46570916700875387,0.04189466702518985,0.017779082991182804,0.2193307499983348,,0.2371098329895176,0.0007161250105127692,1936,3880,5816,22106,,
nqueens_primary_full,nqueens_primary_full_cplex_cp_n44_r3,cplex_cp,CP,IBM CP Optimizer,44,3,SAT,Feasible,True,True,True,44,,1,0,0.2981128749670461,2.0759722079965286,,,,0.0010086670517921448,0.2963629579753615,0.0006704169791191816,,,,,,
nqueens_primary_full,nqueens_primary_full_sat_sequential_n44_r3,sat_sequential,SAT,Glucose3,44,3,SAT,,True,True,True,44,solver_default,1,0,0.25773445900995284,0.4616429170127958,0.03243812499567866,0.021858457999769598,0.18949687498388812,,0.21135533298365772,0.0014547499595209956,1936,7482,9418,22276,,
nqueens_primary_full,nqueens_primary_full_sat_binary_n44_r3,sat_binary,SAT,Glucose3,44,3,SAT,,True,True,True,44,solver_default,1,0,0.21330499998293817,0.4075466249487363,0.05792616697726771,0.04909654095536098,0.073772709001787,,0.12286924995714799,0.0009978750022128224,1936,1320,3256,43696,,
nqueens_primary_full,nqueens_primary_full_cplex_mip_n44_r3,cplex_mip,MIP,IBM ILOG CPLEX,44,3,BLOCKED_LICENSE,,False,,,,,1,0,,,,,,,,,,,,,,
nqueens_primary_full,nqueens_primary_full_sat_product_n44_r3,sat_product,SAT,Glucose3,44,3,TIMEOUT,,True,,,,solver_default,1,0,,330.0286884169909,,,,,,,,,,,,EXTERNAL_TIMEOUT
nqueens_primary_full,nqueens_primary_full_sat_commander_n50_r3,sat_commander,SAT,Glucose3,50,3,SAT,,True,True,True,50,solver_default,1,0,0.8205945829977281,0.9143700419808738,0.017603375017642975,0.00998445798177272,0.7867809169692919,,0.7967653749510646,0.0005430409801192582,2500,5014,7514,28726,,
nqueens_primary_full,nqueens_primary_full_sat_sequential_n50_r3,sat_sequential,SAT,Glucose3,50,3,SAT,,True,True,True,50,solver_default,1,0,2.2847647499875166,2.3409977499977686,0.011823666980490088,0.009514875011518598,2.256392457988113,,2.2659073329996318,0.0006906670168973505,2500,9702,12202,28912,,
nqueens_primary_full,nqueens_primary_full_cp_sat_n50_r3,cp_sat,CP-SAT,OR-Tools CP-SAT,50,3,SAT,OPTIMAL,True,True,True,50,,1,0,0.30264429200906307,1.2420079580042511,,,,0.003186083980835974,0.2984162499778904,0.00018799997633323073,,,,,,
nqueens_primary_full,nqueens_primary_full_cplex_mip_n50_r3,cplex_mip,MIP,IBM ILOG CPLEX,50,3,BLOCKED_LICENSE,,False,,,,,1,0,,,,,,,,,,,,,,
nqueens_primary_full,nqueens_primary_full_sat_binary_n50_r3,sat_binary,SAT,Glucose3,50,3,SAT,,True,True,True,50,solver_default,1,0,0.06901858397759497,0.14537325000856072,0.021949333953671157,0.021107125037815422,0.014289290993474424,,0.035396416031289846,0.0003643749514594674,2500,1536,4036,57244,,
nqueens_primary_full,nqueens_primary_full_sat_pairwise_n50_r3,sat_pairwise,SAT,Glucose3,50,3,SAT,,True,True,True,50,solver_default,1,0,0.18089658295502886,0.25736891699489206,0.05021137499716133,0.0768930419581011,0.007541541999671608,,0.0844345839577727,0.00027612497797235847,2500,0,2500,203450,,
nqueens_primary_full,nqueens_primary_full_gurobi_mip_n50_r3,gurobi_mip,MIP,Gurobi Optimizer,50,3,BLOCKED_LICENSE,,False,,,,,1,0,,,,,,,,,,,,,,
nqueens_primary_full,nqueens_primary_full_sat_product_n50_r3,sat_product,SAT,Glucose3,50,3,TIMEOUT,,True,,,,solver_default,1,0,,330.03024170798017,,,,,,,,,,,,EXTERNAL_TIMEOUT
nqueens_primary_full,nqueens_primary_full_cplex_cp_n50_r3,cplex_cp,CP,IBM CP Optimizer,50,3,SAT,Feasible,True,True,True,50,,1,0,0.23147154203616083,0.9981214170111343,,,,0.0013036659802310169,0.23000741697615013,6.533297710120678e-05,,,,,,
nqueens_primary_full,nqueens_primary_full_sat_sequential_n64_r3,sat_sequential,SAT,Glucose3,64,3,SAT,,True,True,True,64,solver_default,1,0,61.131804500008,61.20959812501678,0.01919483399251476,0.016808624961413443,61.08227983297547,,61.09908845793689,0.00136900000507012,4096,16002,20098,47756,,
nqueens_primary_full,nqueens_primary_full_gurobi_mip_n64_r3,gurobi_mip,MIP,Gurobi Optimizer,64,3,BLOCKED_LICENSE,,False,,,,,1,0,,,,,,,,,,,,,,
nqueens_primary_full,nqueens_primary_full_cplex_cp_n64_r3,cplex_cp,CP,IBM CP Optimizer,64,3,SAT,Feasible,True,True,True,64,,1,0,0.18879520904738456,0.9098542500287294,,,,0.0010312090162187815,0.1876343329786323,6.887497147545218e-05,,,,,,
nqueens_primary_full,nqueens_primary_full_sat_pairwise_n64_r3,sat_pairwise,SAT,Glucose3,64,3,SAT,,True,True,True,64,solver_default,1,0,0.32741204201010987,0.4047356250230223,0.1061055000172928,0.13144454103894532,0.017422083008568734,,0.14886662404751405,0.00028741604182869196,4096,0,4096,428864,,
nqueens_primary_full,nqueens_primary_full_sat_binary_n64_r3,sat_binary,SAT,Glucose3,64,3,SAT,,True,True,True,64,solver_default,1,0,0.08986379101406783,0.1520762089639902,0.02872004098026082,0.03062887501437217,0.014002042007632554,,0.044630917022004724,0.00037633400643244386,4096,2040,6136,95576,,
nqueens_primary_full,nqueens_primary_full_sat_product_n64_r3,sat_product,SAT,Glucose3,64,3,TIMEOUT,,True,,,,solver_default,1,0,,330.02074949996313,,,,,,,,,,,,EXTERNAL_TIMEOUT
nqueens_primary_full,nqueens_primary_full_sat_commander_n64_r3,sat_commander,SAT,Glucose3,64,3,SAT,,True,True,True,64,solver_default,1,0,206.5122457909747,206.61838241596706,0.030473040998913348,0.017724333971273154,206.45045633299742,,206.4681806669687,0.0012547920341603458,4096,8346,12442,47644,,
nqueens_primary_full,nqueens_primary_full_cp_sat_n64_r3,cp_sat,CP-SAT,OR-Tools CP-SAT,64,3,SAT,OPTIMAL,True,True,True,64,,1,0,0.3241564159980044,1.1528116670087911,,,,0.004281583009287715,0.3189997500157915,0.00013066700194031,,,,,,
nqueens_primary_full,nqueens_primary_full_cplex_mip_n64_r3,cplex_mip,MIP,IBM ILOG CPLEX,64,3,BLOCKED_LICENSE,,False,,,,,1,0,,,,,,,,,,,,,,
nqueens_primary_full,nqueens_primary_full_gurobi_mip_n100_r3,gurobi_mip,MIP,Gurobi Optimizer,100,3,BLOCKED_LICENSE,,False,,,,,1,0,,,,,,,,,,,,,,
nqueens_primary_full,nqueens_primary_full_cplex_mip_n100_r3,cplex_mip,MIP,IBM ILOG CPLEX,100,3,BLOCKED_LICENSE,,False,,,,,1,0,,,,,,,,,,,,,,
nqueens_primary_full,nqueens_primary_full_cplex_cp_n100_r3,cplex_cp,CP,IBM CP Optimizer,100,3,SAT,Feasible,True,True,True,100,,1,0,0.16801454202504829,0.6981854169862345,,,,0.0009228749549947679,0.16694370796903968,9.774998761713505e-05,,,,,,
nqueens_primary_full,nqueens_primary_full_sat_binary_n100_r3,sat_binary,SAT,Glucose3,100,3,SAT,,True,True,True,100,solver_default,1,0,0.2704937090165913,0.3437381249968894,0.09287704201415181,0.1015429999679327,0.02891125000314787,,0.13045424997108057,0.0007928749546408653,10000,3678,13678,269024,,
nqueens_primary_full,nqueens_primary_full_sat_sequential_n100_r3,sat_sequential,SAT,Glucose3,100,3,SAT,,True,True,True,100,solver_default,1,0,110.33734841702972,110.43116329103941,0.058522542007267475,0.058796584024094045,110.17447287502,,110.2332694590441,0.004063666041474789,10000,39402,49402,117812,,
nqueens_primary_full,nqueens_primary_full_sat_product_n100_r3,sat_product,SAT,Glucose3,100,3,SAT,,True,True,True,100,solver_default,1,0,1.3312897919677198,1.4453968749730848,0.05098349996842444,0.05381420796038583,1.1958870409871452,,1.249701248947531,0.0015342499827966094,10000,9492,19492,116672,,
nqueens_primary_full,nqueens_primary_full_sat_pairwise_n100_r3,sat_pairwise,SAT,Glucose3,100,3,SAT,,True,True,True,100,solver_default,1,0,1.8818021659972146,2.06192516599549,0.7110848749871366,0.7569941660040058,0.03550875000655651,,0.7925029160105623,0.0006021659937687218,10000,0,10000,1646900,,
nqueens_primary_full,nqueens_primary_full_sat_commander_n100_r3,sat_commander,SAT,Glucose3,100,3,SAT,,True,True,True,100,solver_default,1,0,5.328031999990344,5.4047666669939645,0.08451258298009634,0.0452794999582693,5.167249000049196,,5.2125285000074655,0.0020957920351065695,10000,20536,30536,118092,,
nqueens_primary_full,nqueens_primary_full_cp_sat_n100_r3,cp_sat,CP-SAT,OR-Tools CP-SAT,100,3,SAT,OPTIMAL,True,True,True,100,,1,0,1.3807536250096746,2.342682332964614,,,,0.008878624998033047,1.3679777500219643,0.00023733399575576186,,,,,,
nqueens_primary_full,nqueens_primary_full_sat_binary_n4_r4,sat_binary,SAT,Glucose3,4,4,SAT,,True,True,True,4,solver_default,1,0,0.00034983298974111676,0.07455537497298792,0.00013637496158480644,9.375001536682248e-05,3.1917006708681583e-05,,0.00012566702207550406,1.7874990589916706e-05,16,32,48,120,,
nqueens_primary_full,nqueens_primary_full_cp_sat_n4_r4,cp_sat,CP-SAT,OR-Tools CP-SAT,4,4,SAT,OPTIMAL,True,True,True,4,,1,0,0.005708499986212701,0.6517833750112914,,,,0.0006779999821446836,0.004936540964990854,3.225001273676753e-05,,,,,,
nqueens_primary_full,nqueens_primary_full_cplex_cp_n4_r4,cplex_cp,CP,IBM CP Optimizer,4,4,SAT,Feasible,True,True,True,4,,1,0,0.1590460419538431,0.7479304590378888,,,,0.0005929580074734986,0.1583775840117596,2.3833999875932932e-05,,,,,,
nqueens_primary_full,nqueens_primary_full_sat_commander_n4_r4,sat_commander,SAT,Glucose3,4,4,SAT,,True,True,True,4,solver_default,1,0,0.00033345900010317564,0.0706262500025332,0.00014999997802078724,8.233299013227224e-05,2.1832995116710663e-05,,0.0001041659852489829,1.7249956727027893e-05,16,20,36,104,,
nqueens_primary_full,nqueens_primary_full_gurobi_mip_n4_r4,gurobi_mip,MIP,Gurobi Optimizer,4,4,SAT,OPTIMAL,True,True,True,4,,1,0,0.025146375002805144,0.1484725410118699,,,,0.020938457979355007,0.003422458015847951,0.0002020830288529396,,,16,,18,
nqueens_primary_full,nqueens_primary_full_cplex_mip_n4_r4,cplex_mip,MIP,IBM ILOG CPLEX,4,4,SAT,integer optimal solution,True,True,True,4,,1,0,0.10561650001909584,0.7143961249967106,,,,0.05722354201134294,0.047769624972715974,2.666696673259139e-05,,,16,,18,
nqueens_primary_full,nqueens_primary_full_sat_pairwise_n4_r4,sat_pairwise,SAT,Glucose3,4,4,SAT,,True,True,True,4,solver_default,1,0,0.00023866700939834118,0.07323974999599159,8.058297680690885e-05,6.804097210988402e-05,2.316600875928998e-05,,9.1206980869174e-05,1.5208963304758072e-05,16,0,16,84,,
nqueens_primary_full,nqueens_primary_full_sat_sequential_n4_r4,sat_sequential,SAT,Glucose3,4,4,SAT,,True,True,True,4,solver_default,1,0,0.0003297919756732881,0.06553866702597588,0.00010979198850691319,9.033299284055829e-05,3.56250093318522e-05,,0.0001259580021724105,1.7250014934688807e-05,16,42,58,116,,
nqueens_primary_full,nqueens_primary_full_sat_product_n4_r4,sat_product,SAT,Glucose3,4,4,SAT,,True,True,True,4,solver_default,1,0,0.00039904197910800576,0.059460457996465266,0.00015195802552625537,0.00010483298683539033,3.958295565098524e-05,,0.00014441594248637557,1.9082974176853895e-05,16,68,84,160,,
nqueens_primary_full,nqueens_primary_full_sat_commander_n8_r4,sat_commander,SAT,Glucose3,8,4,SAT,,True,True,True,8,solver_default,1,0,0.0009627499966882169,0.05938541697105393,0.0004339580191299319,0.0002509579644538462,0.00010958302300423384,,0.00036054098745808005,2.5333021767437458e-05,64,90,154,544,,
nqueens_primary_full,nqueens_primary_full_sat_product_n8_r4,sat_product,SAT,Glucose3,8,4,SAT,,True,True,True,8,solver_default,1,0,0.0010686250170692801,0.061615167011041194,0.00040908303344622254,0.0003097080043517053,0.0001432499848306179,,0.0004529579891823232,3.137503517791629e-05,64,216,280,704,,
nqueens_primary_full,nqueens_primary_full_gurobi_mip_n8_r4,gurobi_mip,MIP,Gurobi Optimizer,8,4,SAT,OPTIMAL,True,True,True,8,,1,0,0.001792666967958212,0.0730380000313744,,,,0.001543082995340228,0.00011733296560123563,7.816700963303447e-05,,,64,,42,
nqueens_primary_full,nqueens_primary_full_sat_sequential_n8_r4,sat_sequential,SAT,Glucose3,8,4,SAT,,True,True,True,8,solver_default,1,0,0.0009985420037992299,0.06735108396969736,0.000376791984308511,0.0002982920268550515,0.00012566702207550406,,0.0004239590489305556,3.224995452910662e-05,64,210,274,604,,
nqueens_primary_full,nqueens_primary_full_cplex_cp_n8_r4,cplex_cp,CP,IBM CP Optimizer,8,4,SAT,Feasible,True,True,True,8,,1,0,0.02240512502612546,0.5199386249878444,,,,0.0008085420122370124,0.02150529099162668,2.7833040803670883e-05,,,,,,
nqueens_primary_full,nqueens_primary_full_sat_binary_n8_r4,sat_binary,SAT,Glucose3,8,4,SAT,,True,True,True,8,solver_default,1,0,0.0011487919837236404,0.0743737499578856,0.0003670839942060411,0.0003315000212751329,0.00010341597953811288,,0.0004349160008132458,2.9541959520429373e-05,64,110,174,728,,
nqueens_primary_full,nqueens_primary_full_cplex_mip_n8_r4,cplex_mip,MIP,IBM ILOG CPLEX,8,4,SAT,integer optimal solution,True,True,True,8,,1,0,0.030515499995090067,0.5899832500144839,,,,0.0251279579824768,0.004436041985172778,4.537502536550164e-05,,,64,,42,
nqueens_primary_full,nqueens_primary_full_cp_sat_n8_r4,cp_sat,CP-SAT,OR-Tools CP-SAT,8,4,SAT,OPTIMAL,True,True,True,8,,1,0,0.008280000009108335,0.6091244580456987,,,,0.000628374982625246,0.007514500000979751,5.774997407570481e-05,,,,,,
nqueens_primary_full,nqueens_primary_full_sat_pairwise_n8_r4,sat_pairwise,SAT,Glucose3,8,4,SAT,,True,True,True,8,solver_default,1,0,0.0009144999785348773,0.07267241697991267,0.00030191702535375953,0.0003096660366281867,0.00011908297892659903,,0.00042874901555478573,2.2666004952043295e-05,64,0,64,744,,
nqueens_primary_full,nqueens_primary_full_cplex_cp_n16_r4,cplex_cp,CP,IBM CP Optimizer,16,4,SAT,Feasible,True,True,True,16,,1,0,0.022901832999195904,0.4991492920089513,,,,0.0009129999671131372,0.02184658299665898,6.304198177531362e-05,,,,,,
nqueens_primary_full,nqueens_primary_full_gurobi_mip_n16_r4,gurobi_mip,MIP,Gurobi Optimizer,16,4,SAT,OPTIMAL,True,True,True,16,,1,0,0.022979624976869673,0.11266687500756234,,,,0.007988375029526651,0.014593917003367096,0.0003084579948335886,,,256,,90,
nqueens_primary_full,nqueens_primary_full_sat_commander_n16_r4,sat_commander,SAT,Glucose3,16,4,SAT,,True,True,True,16,solver_default,1,0,0.0601681669941172,0.12660879199393094,0.0017195419641211629,0.0010116249904967844,0.05675308295758441,,0.057764707948081195,8.670799434185028e-05,256,488,744,2688,,
nqueens_primary_full,nqueens_primary_full_sat_pairwise_n16_r4,sat_pairwise,SAT,Glucose3,16,4,SAT,,True,True,True,16,solver_default,1,0,0.017726541962474585,0.07841808296507224,0.003493624972179532,0.001836540992371738,0.011399250011891127,,0.013235791004262865,8.725002408027649e-05,256,0,256,6352,,
nqueens_primary_full,nqueens_primary_full_cplex_mip_n16_r4,cplex_mip,MIP,IBM ILOG CPLEX,16,4,SAT,integer optimal solution,True,True,True,16,,1,0,0.030814541969448328,0.45820749999256805,,,,0.025287874974310398,0.0047731249942444265,9.845802560448647e-05,,,256,,90,
nqueens_primary_full,nqueens_primary_full_sat_sequential_n16_r4,sat_sequential,SAT,Glucose3,16,4,SAT,,True,True,True,16,solver_default,1,0,0.013487334013916552,0.08600995899178088,0.00146341702202335,0.0013611249742098153,0.009459875000175089,,0.010820999974384904,0.0001384999486617744,256,930,1186,2732,,
nqueens_primary_full,nqueens_primary_full_sat_binary_n16_r4,sat_binary,SAT,Glucose3,16,4,SAT,,True,True,True,16,solver_default,1,0,0.1549236670252867,0.22054254100658,0.0019264580332674086,0.001365708012599498,0.1508237500092946,,0.1521894580218941,9.379099356010556e-05,256,316,572,3928,,
nqueens_primary_full,nqueens_primary_full_cp_sat_n16_r4,cp_sat,CP-SAT,OR-Tools CP-SAT,16,4,SAT,OPTIMAL,True,True,True,16,,1,0,0.017273458011914045,0.49822170805418864,,,,0.0005520409904420376,0.01653675001580268,6.383401341736317e-05,,,,,,
nqueens_primary_full,nqueens_primary_full_sat_product_n16_r4,sat_product,SAT,Glucose3,16,4,SAT,,True,True,True,16,solver_default,1,0,0.7114189999992959,0.769383208011277,0.0011489159660413861,0.0011515420046634972,0.7081239999970421,,0.7092755420017056,0.00014170800568535924,256,608,864,2856,,
nqueens_primary_full,nqueens_primary_full_sat_sequential_n20_r4,sat_sequential,SAT,Glucose3,20,4,SAT,,True,True,True,20,solver_default,1,0,0.034641082980670035,0.1091527920216322,0.006188999977894127,0.0025644159759394825,0.02401708299294114,,0.026581498968880624,0.00014587497571483254,400,1482,1882,4372,,
nqueens_primary_full,nqueens_primary_full_sat_commander_n20_r4,sat_commander,SAT,Glucose3,20,4,SAT,,True,True,True,20,solver_default,1,0,0.2268367080250755,0.30062350002117455,0.006613875040784478,0.00167479197261855,0.21709237497998402,,0.21876716695260257,0.0001787919900380075,400,772,1172,4278,,
nqueens_primary_full,nqueens_primary_full_cplex_cp_n20_r4,cplex_cp,CP,IBM CP Optimizer,20,4,SAT,Feasible,True,True,True,20,,1,0,0.02688116702483967,0.5664731659926474,,,,0.000667415966745466,0.02604366699233651,7.287500193342566e-05,,,,,,
nqueens_primary_full,nqueens_primary_full_sat_binary_n20_r4,sat_binary,SAT,Glucose3,20,4,SAT,,True,True,True,20,solver_default,1,0,0.2890586660359986,0.3849656250094995,0.005485333036631346,0.004437583964318037,0.27738579199649394,,0.281823375960812,0.0001705419854260981,400,466,866,7296,,
nqueens_primary_full,nqueens_primary_full_cp_sat_n20_r4,cp_sat,CP-SAT,OR-Tools CP-SAT,20,4,SAT,OPTIMAL,True,True,True,20,,1,0,0.02504408295499161,0.5907047500368208,,,,0.0006712079630233347,0.024240250000730157,6.400002166628838e-05,,,,,,
nqueens_primary_full,nqueens_primary_full_cplex_mip_n20_r4,cplex_mip,MIP,IBM ILOG CPLEX,20,4,SAT,integer optimal solution,True,True,True,20,,1,0,0.039149750024080276,0.5764157919911668,,,,0.03144237498054281,0.006659541977569461,0.00018616602756083012,,,400,,114,
nqueens_primary_full,nqueens_primary_full_sat_pairwise_n20_r4,sat_pairwise,SAT,Glucose3,20,4,SAT,,True,True,True,20,solver_default,1,0,0.012867625046055764,0.07933683396549895,0.004796084016561508,0.004246666037943214,0.001691457990091294,,0.005938124028034508,6.941601168364286e-05,400,0,400,12580,,
nqueens_primary_full,nqueens_primary_full_gurobi_mip_n20_r4,gurobi_mip,MIP,Gurobi Optimizer,20,4,SAT,OPTIMAL,True,True,True,20,,1,0,0.006876708997879177,0.08758891600882635,,,,0.006023249996360391,0.0003580839838832617,0.000429958978202194,,,400,,114,
nqueens_primary_full,nqueens_primary_full_sat_product_n20_r4,sat_product,SAT,Glucose3,20,4,SAT,,True,True,True,20,solver_default,1,0,0.6203454159549437,0.6844363340060227,0.004484957957174629,0.0018290000152774155,0.612717000010889,,0.6145460000261664,0.00015379098476842046,400,854,1254,4520,,
nqueens_primary_full,nqueens_primary_full_sat_pairwise_n31_r4,sat_pairwise,SAT,Glucose3,31,4,SAT,,True,True,True,31,solver_default,1,0,0.03472004202194512,0.08970908395713195,0.010112375020980835,0.013234167010523379,0.004221667011734098,,0.017455834022257477,0.00010549998842179775,961,0,961,47802,,
nqueens_primary_full,nqueens_primary_full_sat_commander_n31_r4,sat_commander,SAT,Glucose3,31,4,SAT,,True,True,True,31,solver_default,1,0,0.8637797909905203,0.9204108340200037,0.008452582987956703,0.003832416026853025,0.8487923750071786,,0.8526247910340317,0.0002772919833660126,961,1988,2949,10842,,
nqueens_primary_full,nqueens_primary_full_cplex_mip_n31_r4,cplex_mip,MIP,IBM ILOG CPLEX,31,4,SAT,integer optimal solution,True,True,True,31,,1,0,0.04017158300848678,0.4672975830035284,,,,0.028692124993540347,0.010305457981303334,0.0003487920039333403,,,961,,180,
nqueens_primary_full,nqueens_primary_full_sat_sequential_n31_r4,sat_sequential,SAT,Glucose3,31,4,SAT,,True,True,True,31,solver_default,1,0,0.04419049998978153,0.10820304200751707,0.006885709008201957,0.003912708023563027,0.030582083039917052,,0.03449479106348008,0.00030337501084432006,961,3660,4621,10862,,
nqueens_primary_full,nqueens_primary_full_gurobi_mip_n31_r4,gurobi_mip,MIP,Gurobi Optimizer,31,4,SAT,OPTIMAL,True,True,True,31,,1,0,0.02638374996604398,0.1033106250106357,,,,0.00888091599335894,0.016073125007096678,0.0013189580058678985,,,961,,180,
nqueens_primary_full,nqueens_primary_full_sat_product_n31_r4,sat_product,SAT,Glucose3,31,4,SAT,,True,True,True,31,solver_default,1,0,89.06774287502049,89.13519075000659,0.008382167026866227,0.004541999951470643,89.05104333302006,,89.05558533297153,0.00041454099118709564,961,1700,2661,11242,,
nqueens_primary_full,nqueens_primary_full_cp_sat_n31_r4,cp_sat,CP-SAT,OR-Tools CP-SAT,31,4,SAT,OPTIMAL,True,True,True,31,,1,0,0.06069154100259766,0.7692464159918018,,,,0.0017470830352976918,0.05850975000066683,8.39160056784749e-05,,,,,,
nqueens_primary_full,nqueens_primary_full_cplex_cp_n31_r4,cplex_cp,CP,IBM CP Optimizer,31,4,SAT,Feasible,True,True,True,31,,1,0,0.15787987498333678,0.5666018750052899,,,,0.0005777920014224946,0.15721370797837153,4.437495954334736e-05,,,,,,
nqueens_primary_full,nqueens_primary_full_sat_binary_n31_r4,sat_binary,SAT,Glucose3,31,4,SAT,,True,True,True,31,solver_default,1,0,0.2620574169559404,0.32063299999572337,0.007241749961394817,0.006436416995711625,0.24506375001510605,,0.2515001670108177,0.00017387501429766417,961,796,1757,18538,,
nqueens_primary_full,nqueens_primary_full_cplex_mip_n32_r4,cplex_mip,MIP,IBM ILOG CPLEX,32,4,BLOCKED_LICENSE,,False,,,,,1,0,,,,,,,,,,,,,,
nqueens_primary_full,nqueens_primary_full_cplex_cp_n32_r4,cplex_cp,CP,IBM CP Optimizer,32,4,SAT,Feasible,True,True,True,32,,1,0,0.016202166967559606,0.3698202079976909,,,,0.0005777080077677965,0.01553229195997119,4.754198016598821e-05,,,,,,
nqueens_primary_full,nqueens_primary_full_cp_sat_n32_r4,cp_sat,CP-SAT,OR-Tools CP-SAT,32,4,SAT,OPTIMAL,True,True,True,32,,1,0,0.060839249985292554,0.4919635829865001,,,,0.000650749949272722,0.05990479199681431,0.00015004200395196676,,,,,,
nqueens_primary_full,nqueens_primary_full_sat_commander_n32_r4,sat_commander,SAT,Glucose3,32,4,SAT,,True,True,True,32,solver_default,1,0,1.956592125003226,2.017889874987304,0.009514792007394135,0.004294249985832721,1.9396734579931945,,1.9439677079790272,0.00048462499398738146,1024,2090,3114,11516,,
nqueens_primary_full,nqueens_primary_full_sat_binary_n32_r4,sat_binary,SAT,Glucose3,32,4,SAT,,True,True,True,32,solver_default,1,0,0.0915684579522349,0.15413258300395682,0.008047874958720058,0.00716558302519843,0.07260641700122505,,0.07977200002642348,0.00018708303105086088,1024,826,1850,19800,,
nqueens_primary_full,nqueens_primary_full_sat_product_n32_r4,sat_product,SAT,Glucose3,32,4,SAT,,True,True,True,32,solver_default,1,0,10.71002708398737,10.773810749989934,0.0073527920176275074,0.004722457961179316,10.69417858403176,,10.69890104199294,0.0004029999836347997,1024,1772,2796,11928,,
nqueens_primary_full,nqueens_primary_full_sat_sequential_n32_r4,sat_sequential,SAT,Glucose3,32,4,SAT,,True,True,True,32,solver_default,1,0,0.20269320794614032,0.28344758303137496,0.005909332947339863,0.0036950840149074793,0.19020916696172208,,0.19390425097662956,0.0003747920272871852,1024,3906,4930,11596,,
nqueens_primary_full,nqueens_primary_full_gurobi_mip_n32_r4,gurobi_mip,MIP,Gurobi Optimizer,32,4,SAT,OPTIMAL,True,True,True,32,,1,0,0.11104666703613475,0.22760270803701133,,,,0.027602249989286065,0.08195312501629815,0.0012068329961039126,,,1024,,186,
nqueens_primary_full,nqueens_primary_full_sat_pairwise_n32_r4,sat_pairwise,SAT,Glucose3,32,4,SAT,,True,True,True,32,solver_default,1,0,0.03857274999609217,0.09767162502976134,0.01169537502573803,0.01462366699706763,0.0030829579918645322,,0.017706624988932163,0.00011866702698171139,1024,0,1024,52640,,
nqueens_primary_full,nqueens_primary_full_gurobi_mip_n40_r4,gurobi_mip,MIP,Gurobi Optimizer,40,4,SAT,OPTIMAL,True,True,True,40,,1,0,0.03723604104015976,0.11247691698372364,,,,0.012216834002174437,0.02260049997130409,0.0022382079623639584,,,1600,,234,
nqueens_primary_full,nqueens_primary_full_sat_binary_n40_r4,sat_binary,SAT,Glucose3,40,4,SAT,,True,True,True,40,solver_default,1,0,0.05227250000461936,0.12080770800821483,0.013352292007766664,0.01300170796457678,0.019761917006690055,,0.032763624971266836,0.0002328339614905417,1600,1176,2776,35624,,
nqueens_primary_full,nqueens_primary_full_cplex_mip_n40_r4,cplex_mip,MIP,IBM ILOG CPLEX,40,4,BLOCKED_LICENSE,,False,,,,,1,0,,,,,,,,,,,,,,
nqueens_primary_full,nqueens_primary_full_sat_pairwise_n40_r4,sat_pairwise,SAT,Glucose3,40,4,SAT,,True,True,True,40,solver_default,1,0,0.09070204204181209,0.16318695899099112,0.023840084031689912,0.0376042079878971,0.008341707987710834,,0.04594591597560793,0.00018408300820738077,1600,0,1600,103560,,
nqueens_primary_full,nqueens_primary_full_cplex_cp_n40_r4,cplex_cp,CP,IBM CP Optimizer,40,4,SAT,Feasible,True,True,True,40,,1,0,0.1909499159664847,0.8452827910077758,,,,0.0008083750144578516,0.19001508399378508,6.620801286771894e-05,,,,,,
nqueens_primary_full,nqueens_primary_full_sat_sequential_n40_r4,sat_sequential,SAT,Glucose3,40,4,SAT,,True,True,True,40,solver_default,1,0,0.40709924994735047,0.4708019160316326,0.009874832991044968,0.008287375036161393,0.3840375830186531,,0.3923249580548145,0.0006295419880189002,1600,6162,7762,18332,,
nqueens_primary_full,nqueens_primary_full_sat_commander_n40_r4,sat_commander,SAT,Glucose3,40,4,SAT,,True,True,True,40,solver_default,1,0,1.3196787500055507,1.382572208007332,0.012108583003282547,0.0083272919873707,1.294529083010275,,1.3028563749976456,0.00034425000194460154,1600,3282,4882,18260,,
nqueens_primary_full,nqueens_primary_full_sat_product_n40_r4,sat_product,SAT,Glucose3,40,4,TIMEOUT,,True,,,,solver_default,1,0,,330.01213412499055,,,,,,,,,,,,EXTERNAL_TIMEOUT
nqueens_primary_full,nqueens_primary_full_cp_sat_n40_r4,cp_sat,CP-SAT,OR-Tools CP-SAT,40,4,SAT,OPTIMAL,True,True,True,40,,1,0,0.09148158301832154,0.7971771669690497,,,,0.0014653750113211572,0.0896546250442043,8.641602471470833e-05,,,,,,
nqueens_primary_full,nqueens_primary_full_sat_commander_n44_r4,sat_commander,SAT,Glucose3,44,4,SAT,,True,True,True,44,solver_default,1,0,0.09703725000144914,0.16009329201187938,0.014634791994467378,0.007986999989952892,0.06995499995537102,,0.07794199994532391,0.00035454099997878075,1936,3880,5816,22106,,
nqueens_primary_full,nqueens_primary_full_cplex_mip_n44_r4,cplex_mip,MIP,IBM ILOG CPLEX,44,4,BLOCKED_LICENSE,,False,,,,,1,0,,,,,,,,,,,,,,
nqueens_primary_full,nqueens_primary_full_sat_binary_n44_r4,sat_binary,SAT,Glucose3,44,4,SAT,,True,True,True,44,solver_default,1,0,0.059325709007680416,0.11685179203050211,0.015522625006269664,0.014938707987312227,0.020674291998147964,,0.03561299998546019,0.0002577499835751951,1936,1320,3256,43696,,
nqueens_primary_full,nqueens_primary_full_cplex_cp_n44_r4,cplex_cp,CP,IBM CP Optimizer,44,4,SAT,Feasible,True,True,True,44,,1,0,0.4041502500185743,1.0354781250352971,,,,0.000833250000141561,0.4031656250008382,5.466700531542301e-05,,,,,,
nqueens_primary_full,nqueens_primary_full_gurobi_mip_n44_r4,gurobi_mip,MIP,Gurobi Optimizer,44,4,SAT,OPTIMAL,True,True,True,44,,1,0,0.056155000056605786,0.15003254101611674,,,,0.022361582960002124,0.03173537499969825,0.0017249170341528952,,,1936,,258,
nqueens_primary_full,nqueens_primary_full_sat_sequential_n44_r4,sat_sequential,SAT,Glucose3,44,4,SAT,,True,True,True,44,solver_default,1,0,0.07452358299633488,0.1314649999840185,0.009510999952908605,0.00766070798272267,0.052286332997027785,,0.059947040979750454,0.0004759999574162066,1936,7482,9418,22276,,
nqueens_primary_full,nqueens_primary_full_cp_sat_n44_r4,cp_sat,CP-SAT,OR-Tools CP-SAT,44,4,SAT,OPTIMAL,True,True,True,44,,1,0,0.14218062500003725,0.6353639580192976,,,,0.0007752089877612889,0.14089370804140344,0.00015974999405443668,,,,,,
nqueens_primary_full,nqueens_primary_full_sat_product_n44_r4,sat_product,SAT,Glucose3,44,4,TIMEOUT,,True,,,,solver_default,1,0,,330.0121013339958,,,,,,,,,,,,EXTERNAL_TIMEOUT
nqueens_primary_full,nqueens_primary_full_sat_pairwise_n44_r4,sat_pairwise,SAT,Glucose3,44,4,SAT,,True,True,True,44,solver_default,1,0,0.0865157910156995,0.17458037502365187,0.024494957993738353,0.03820158296730369,0.003942958021070808,,0.0421445409883745,0.000161083007697016,1936,0,1936,138204,,
nqueens_primary_full,nqueens_primary_full_gurobi_mip_n50_r4,gurobi_mip,MIP,Gurobi Optimizer,50,4,BLOCKED_LICENSE,,False,,,,,1,0,,,,,,,,,,,,,,
nqueens_primary_full,nqueens_primary_full_sat_commander_n50_r4,sat_commander,SAT,Glucose3,50,4,SAT,,True,True,True,50,solver_default,1,0,0.8363261250196956,0.888807208975777,0.016482583014294505,0.01407466601813212,0.7989158750278875,,0.8129905410460196,0.0004861250054091215,2500,5014,7514,28726,,
nqueens_primary_full,nqueens_primary_full_cplex_cp_n50_r4,cplex_cp,CP,IBM CP Optimizer,50,4,SAT,Feasible,True,True,True,50,,1,0,0.1858283330220729,0.7816810839576647,,,,0.0006660830113105476,0.18503716599661857,7.570901652798057e-05,,,,,,
nqueens_primary_full,nqueens_primary_full_cplex_mip_n50_r4,cplex_mip,MIP,IBM ILOG CPLEX,50,4,BLOCKED_LICENSE,,False,,,,,1,0,,,,,,,,,,,,,,
nqueens_primary_full,nqueens_primary_full_sat_binary_n50_r4,sat_binary,SAT,Glucose3,50,4,SAT,,True,True,True,50,solver_default,1,0,0.05446591699728742,0.1095753749832511,0.01653766696108505,0.01748920901445672,0.011570375005248934,,0.029059584019705653,0.0002691249828785658,2500,1536,4036,57244,,
nqueens_primary_full,nqueens_primary_full_sat_sequential_n50_r4,sat_sequential,SAT,Glucose3,50,4,SAT,,True,True,True,50,solver_default,1,0,2.0763349999906495,2.1296710410388187,0.011880124977324158,0.009381415962707251,2.0479634999646805,,2.0573449159273878,0.0006835830281488597,2500,9702,12202,28912,,
nqueens_primary_full,nqueens_primary_full_sat_product_n50_r4,sat_product,SAT,Glucose3,50,4,TIMEOUT,,True,,,,solver_default,1,0,,330.01175158302067,,,,,,,,,,,,EXTERNAL_TIMEOUT
nqueens_primary_full,nqueens_primary_full_sat_pairwise_n50_r4,sat_pairwise,SAT,Glucose3,50,4,SAT,,True,True,True,50,solver_default,1,0,0.21099304198287427,0.391096249979455,0.06873762496979907,0.08109291695291176,0.006580625020433217,,0.08767354197334498,0.00021729100262746215,2500,0,2500,203450,,
nqueens_primary_full,nqueens_primary_full_cp_sat_n50_r4,cp_sat,CP-SAT,OR-Tools CP-SAT,50,4,SAT,OPTIMAL,True,True,True,50,,1,0,0.2616403750143945,1.2549808750045486,,,,0.0028488750103861094,0.2568473750143312,0.0005500419647432864,,,,,,
nqueens_primary_full,nqueens_primary_full_cp_sat_n64_r4,cp_sat,CP-SAT,OR-Tools CP-SAT,64,4,SAT,OPTIMAL,True,True,True,64,,1,0,0.30391287500970066,0.8933435000362806,,,,0.0010245000012218952,0.30269754194887355,0.00012116704601794481,,,,,,
nqueens_primary_full,nqueens_primary_full_sat_product_n64_r4,sat_product,SAT,Glucose3,64,4,TIMEOUT,,True,,,,solver_default,1,0,,330.1954416669905,,,,,,,,,,,,EXTERNAL_TIMEOUT
nqueens_primary_full,nqueens_primary_full_sat_commander_n64_r4,sat_commander,SAT,Glucose3,64,4,SAT,,True,True,True,64,solver_default,1,0,159.4862414590316,160.69526474998565,1.2535872500156984,3.847264291951433,152.89043308299733,,156.73769737494877,0.0034232920152135193,4096,8346,12442,47644,,
nqueens_primary_full,nqueens_primary_full_cplex_cp_n64_r4,cplex_cp,CP,IBM CP Optimizer,64,4,SAT,Feasible,True,True,True,64,,1,0,0.8593484169687144,1.4076392910210416,,,,0.0006543750059790909,0.8585782499867491,6.1166996601969e-05,,,,,,
nqueens_primary_full,nqueens_primary_full_cplex_mip_n64_r4,cplex_mip,MIP,IBM ILOG CPLEX,64,4,BLOCKED_LICENSE,,False,,,,,1,0,,,,,,,,,,,,,,
nqueens_primary_full,nqueens_primary_full_gurobi_mip_n64_r4,gurobi_mip,MIP,Gurobi Optimizer,64,4,BLOCKED_LICENSE,,False,,,,,1,0,,,,,,,,,,,,,,
nqueens_primary_full,nqueens_primary_full_sat_pairwise_n64_r4,sat_pairwise,SAT,Glucose3,64,4,SAT,,True,True,True,64,solver_default,1,0,0.23268766602268443,0.31874062499264255,0.0633363330271095,0.11050466698361561,0.013160416972823441,,0.12366508395643905,0.0002633329713717103,4096,0,4096,428864,,
nqueens_primary_full,nqueens_primary_full_sat_binary_n64_r4,sat_binary,SAT,Glucose3,64,4,SAT,,True,True,True,64,solver_default,1,0,0.07304591702995822,0.12595866597257555,0.02292129199486226,0.02525791694642976,0.011367875034920871,,0.03662579198135063,0.00032604101579636335,4096,2040,6136,95576,,
nqueens_primary_full,nqueens_primary_full_sat_sequential_n64_r4,sat_sequential,SAT,Glucose3,64,4,SAT,,True,True,True,64,solver_default,1,0,34.74464316701051,34.795076166978106,0.015703707991633564,0.015958125004544854,34.70293337502517,,34.71889150002971,0.0010741659789346159,4096,16002,20098,47756,,
nqueens_primary_full,nqueens_primary_full_cplex_cp_n100_r4,cplex_cp,CP,IBM CP Optimizer,100,4,SAT,Feasible,True,True,True,100,,1,0,0.13686208298895508,1.1456082499935292,,,,0.0007345000049099326,0.13601129199378192,7.879099575802684e-05,,,,,,
nqueens_primary_full,nqueens_primary_full_cplex_mip_n100_r4,cplex_mip,MIP,IBM ILOG CPLEX,100,4,BLOCKED_LICENSE,,False,,,,,1,0,,,,,,,,,,,,,,
nqueens_primary_full,nqueens_primary_full_cp_sat_n100_r4,cp_sat,CP-SAT,OR-Tools CP-SAT,100,4,SAT,OPTIMAL,True,True,True,100,,1,0,0.5784144169883803,0.9843377500073984,,,,0.001738457998726517,0.5762216660077684,0.00013216701336205006,,,,,,
nqueens_primary_full,nqueens_primary_full_sat_commander_n100_r4,sat_commander,SAT,Glucose3,100,4,SAT,,True,True,True,100,solver_default,1,0,2.7985714999958873,2.850909957953263,0.05480579100549221,0.036818500026129186,2.6852956250077114,,2.7221141250338405,0.001258250034879893,10000,20536,30536,118092,,
nqueens_primary_full,nqueens_primary_full_sat_sequential_n100_r4,sat_sequential,SAT,Glucose3,100,4,SAT,,True,True,True,100,solver_default,1,0,57.90241008304292,57.962313290976454,0.03515716700349003,0.03326579096028581,57.81047916697571,,57.843744957935996,0.002263292029965669,10000,39402,49402,117812,,
nqueens_primary_full,nqueens_primary_full_sat_binary_n100_r4,sat_binary,SAT,Glucose3,100,4,SAT,,True,True,True,100,solver_default,1,0,0.23101608402794227,0.3107438340084627,0.07577866700012237,0.08493316604290158,0.02840245800325647,,0.11333562404615805,0.0006844159797765315,10000,3678,13678,269024,,
nqueens_primary_full,nqueens_primary_full_sat_product_n100_r4,sat_product,SAT,Glucose3,100,4,SAT,,True,True,True,100,solver_default,1,0,0.6003323330078274,0.6548240419942886,0.03858562500681728,0.03872312500607222,0.5027962090098299,,0.5415193340159021,0.0009840839775279164,10000,9492,19492,116672,,
nqueens_primary_full,nqueens_primary_full_gurobi_mip_n100_r4,gurobi_mip,MIP,Gurobi Optimizer,100,4,BLOCKED_LICENSE,,False,,,,,1,0,,,,,,,,,,,,,,
nqueens_primary_full,nqueens_primary_full_sat_pairwise_n100_r4,sat_pairwise,SAT,Glucose3,100,4,SAT,,True,True,True,100,solver_default,1,0,1.063170125009492,1.172359874995891,0.4327140829991549,0.3837318330188282,0.017553791985847056,,0.40128562500467524,0.0004512079758569598,10000,0,10000,1646900,,
nqueens_primary_full,nqueens_primary_full_cplex_cp_n4_r5,cplex_cp,CP,IBM CP Optimizer,4,5,SAT,Feasible,True,True,True,4,,1,0,0.15236666600685567,0.9246247499831952,,,,0.0004077500198036432,0.15190358296968043,1.6916950698941946e-05,,,,,,
nqueens_primary_full,nqueens_primary_full_sat_pairwise_n4_r5,sat_pairwise,SAT,Glucose3,4,5,SAT,,True,True,True,4,solver_default,1,0,0.000206290977075696,0.04215658298926428,6.545800715684891e-05,6.037496495991945e-05,1.9666971638798714e-05,,8.004193659871817e-05,1.1334021110087633e-05,16,0,16,84,,
nqueens_primary_full,nqueens_primary_full_sat_sequential_n4_r5,sat_sequential,SAT,Glucose3,4,5,SAT,,True,True,True,4,solver_default,1,0,0.00026287499349564314,0.04106508300174028,8.37499974295497e-05,7.045798702165484e-05,3.083300543949008e-05,,0.00010129099246114492,1.233298098668456e-05,16,42,58,116,,
nqueens_primary_full,nqueens_primary_full_sat_product_n4_r5,sat_product,SAT,Glucose3,4,5,SAT,,True,True,True,4,solver_default,1,0,0.0003101660404354334,0.040995666990056634,0.00011562503641471267,8.233299013227224e-05,3.083300543949008e-05,,0.00011316599557176232,1.3457960449159145e-05,16,68,84,160,,
nqueens_primary_full,nqueens_primary_full_cplex_mip_n4_r5,cplex_mip,MIP,IBM ILOG CPLEX,4,5,SAT,integer optimal solution,True,True,True,4,,1,0,0.09768641699338332,0.4280922079924494,,,,0.05173533404013142,0.04540079098660499,1.979200169444084e-05,,,16,,18,
nqueens_primary_full,nqueens_primary_full_sat_binary_n4_r5,sat_binary,SAT,Glucose3,4,5,SAT,,True,True,True,4,solver_default,1,0,0.0002631250536069274,0.05406112497439608,9.708403376862407e-05,7.19169620424509e-05,2.5124987587332726e-05,,9.704194962978363e-05,1.287501072511077e-05,16,32,48,120,,
nqueens_primary_full,nqueens_primary_full_cp_sat_n4_r5,cp_sat,CP-SAT,OR-Tools CP-SAT,4,5,SAT,OPTIMAL,True,True,True,4,,1,0,0.0713598330039531,0.5398888339987025,,,,0.001878499984741211,0.06886008294532076,4.570803139358759e-05,,,,,,
nqueens_primary_full,nqueens_primary_full_gurobi_mip_n4_r5,gurobi_mip,MIP,Gurobi Optimizer,4,5,SAT,OPTIMAL,True,True,True,4,,1,0,0.023243125004228204,0.12404787499690428,,,,0.017492207989562303,0.00492050003958866,5.629099905490875e-05,,,16,,18,
nqueens_primary_full,nqueens_primary_full_sat_commander_n4_r5,sat_commander,SAT,Glucose3,4,5,SAT,,True,True,True,4,solver_default,1,0,0.0003020410076715052,0.05068004096392542,0.00013287499314174056,7.137499051168561e-05,2.079096157103777e-05,,9.216595208272338e-05,1.3958022464066744e-05,16,20,36,104,,
nqueens_primary_full,nqueens_primary_full_cplex_mip_n8_r5,cplex_mip,MIP,IBM ILOG CPLEX,8,5,SAT,integer optimal solution,True,True,True,8,,1,0,0.019134667003527284,0.3760868330136873,,,,0.016104708018247038,0.0024920839932747185,3.679102519527078e-05,,,64,,42,
nqueens_primary_full,nqueens_primary_full_sat_product_n8_r5,sat_product,SAT,Glucose3,8,5,SAT,,True,True,True,8,solver_default,1,0,0.0009151250123977661,0.04772537498502061,0.00035570800537243485,0.0002596249687485397,0.00012358400272205472,,0.0003832089714705944,2.704199869185686e-05,64,216,280,704,,
nqueens_primary_full,nqueens_primary_full_sat_commander_n8_r5,sat_commander,SAT,Glucose3,8,5,SAT,,True,True,True,8,solver_default,1,0,0.0008156670373864472,0.044857333006802946,0.0003754580393433571,0.00020758301252499223,9.416701504960656e-05,,0.0003017500275745988,2.1332991309463978e-05,64,90,154,544,,
nqueens_primary_full,nqueens_primary_full_sat_pairwise_n8_r5,sat_pairwise,SAT,Glucose3,8,5,SAT,,True,True,True,8,solver_default,1,0,0.0007152499747462571,0.044831792009063065,0.00022829195950180292,0.00024591601686552167,9.770801989361644e-05,,0.0003436240367591381,1.712498487904668e-05,64,0,64,744,,
nqueens_primary_full,nqueens_primary_full_cp_sat_n8_r5,cp_sat,CP-SAT,OR-Tools CP-SAT,8,5,SAT,OPTIMAL,True,True,True,8,,1,0,0.008169957960490137,0.3372071249759756,,,,0.0003576249582692981,0.0077306669554673135,3.433297388255596e-05,,,,,,
nqueens_primary_full,nqueens_primary_full_sat_binary_n8_r5,sat_binary,SAT,Glucose3,8,5,SAT,,True,True,True,8,solver_default,1,0,0.0007895840099081397,0.04333000001497567,0.00028974999440833926,0.0002525420277379453,8.37499974295497e-05,,0.000336292025167495,2.2666994482278824e-05,64,110,174,728,,
nqueens_primary_full,nqueens_primary_full_sat_sequential_n8_r5,sat_sequential,SAT,Glucose3,8,5,SAT,,True,True,True,8,solver_default,1,0,0.0007184999994933605,0.04269912501331419,0.00024625001242384315,0.000208082958124578,9.8082993645221e-05,,0.000306165951769799,2.4334003683179617e-05,64,210,274,604,,
nqueens_primary_full,nqueens_primary_full_gurobi_mip_n8_r5,gurobi_mip,MIP,Gurobi Optimizer,8,5,SAT,OPTIMAL,True,True,True,8,,1,0,0.0013513750163838267,0.05407387501327321,,,,0.0011471660109236836,9.950000094249845e-05,6.200000643730164e-05,,,64,,42,
nqueens_primary_full,nqueens_primary_full_cplex_cp_n8_r5,cplex_cp,CP,IBM CP Optimizer,8,5,SAT,Feasible,True,True,True,8,,1,0,0.013066124985925853,0.2986384159885347,,,,0.0004253750084899366,0.01258583297021687,1.9791012164205313e-05,,,,,,
nqueens_primary_full,nqueens_primary_full_gurobi_mip_n16_r5,gurobi_mip,MIP,Gurobi Optimizer,16,5,SAT,OPTIMAL,True,True,True,16,,1,0,0.013529124960768968,0.07099025003844872,,,,0.003721166984178126,0.009467415977269411,0.0002536249812692404,,,256,,90,
nqueens_primary_full,nqueens_primary_full_sat_pairwise_n16_r5,sat_pairwise,SAT,Glucose3,16,5,SAT,,True,True,True,16,solver_default,1,0,0.013978583039715886,0.05907212500460446,0.002631625044159591,0.001574082998558879,0.009005959029309452,,0.01058004202786833,4.808296216651797e-05,256,0,256,6352,,
nqueens_primary_full,nqueens_primary_full_sat_product_n16_r5,sat_product,SAT,Glucose3,16,5,SAT,,True,True,True,16,solver_default,1,0,0.42958912497852,0.4726853750180453,0.0010669589973986149,0.000857875042129308,0.42693120799958706,,0.42778908304171637,0.0001318339491263032,256,608,864,2856,,
nqueens_primary_full,nqueens_primary_full_sat_binary_n16_r5,sat_binary,SAT,Glucose3,16,5,SAT,,True,True,True,16,solver_default,1,0,0.10631125001236796,0.14912483299849555,0.001107584044802934,0.0011081669945269823,0.10345975001109764,,0.10456791700562462,6.891594966873527e-05,256,316,572,3928,,
nqueens_primary_full,nqueens_primary_full_cp_sat_n16_r5,cp_sat,CP-SAT,OR-Tools CP-SAT,16,5,SAT,OPTIMAL,True,True,True,16,,1,0,0.01198079198366031,0.32428283302579075,,,,0.00040658400394022465,0.011487125011626631,4.133296897634864e-05,,,,,,
nqueens_primary_full,nqueens_primary_full_sat_sequential_n16_r5,sat_sequential,SAT,Glucose3,16,5,SAT,,True,True,True,16,solver_default,1,0,0.0084977499791421,0.05128987500211224,0.0008546249591745436,0.0007482499931938946,0.006323374982457608,,0.007071624975651503,8.279201574623585e-05,256,930,1186,2732,,
nqueens_primary_full,nqueens_primary_full_sat_commander_n16_r5,sat_commander,SAT,Glucose3,16,5,SAT,,True,True,True,16,solver_default,1,0,0.0462425840087235,0.08882066700607538,0.0013494589948095381,0.0008600840228609741,0.043500542000401765,,0.04436062602326274,7.712503429502249e-05,256,488,744,2688,,
nqueens_primary_full,nqueens_primary_full_cplex_mip_n16_r5,cplex_mip,MIP,IBM ILOG CPLEX,16,5,SAT,integer optimal solution,True,True,True,16,,1,0,0.020030416024383157,0.323587958002463,,,,0.015862457978073508,0.0035548750311136246,8.31250217743218e-05,,,256,,90,
nqueens_primary_full,nqueens_primary_full_cplex_cp_n16_r5,cplex_cp,CP,IBM CP Optimizer,16,5,SAT,Feasible,True,True,True,16,,1,0,0.013658375013619661,0.2965880840201862,,,,0.00045245804358273745,0.013147167046554387,2.4500011932104826e-05,,,,,,
nqueens_primary_full,nqueens_primary_full_cplex_mip_n20_r5,cplex_mip,MIP,IBM ILOG CPLEX,20,5,SAT,integer optimal solution,True,True,True,20,,1,0,0.020480708975810558,0.3175766670028679,,,,0.015787750016897917,0.004062500025611371,0.00012316700303927064,,,400,,114,
nqueens_primary_full,nqueens_primary_full_sat_binary_n20_r5,sat_binary,SAT,Glucose3,20,5,SAT,,True,True,True,20,solver_default,1,0,0.16583262500353158,0.207981750019826,0.0033657909953035414,0.001970292010810226,0.1592481670086272,,0.16121845901943743,0.0001204590080305934,400,466,866,7296,,
nqueens_primary_full,nqueens_primary_full_sat_commander_n20_r5,sat_commander,SAT,Glucose3,20,5,SAT,,True,True,True,20,solver_default,1,0,0.16519133298425004,0.20752116601215675,0.0037073750281706452,0.0013498750049620867,0.15914541704114527,,0.16049529204610735,0.00013237498933449388,400,772,1172,4278,,
nqueens_primary_full,nqueens_primary_full_gurobi_mip_n20_r5,gurobi_mip,MIP,Gurobi Optimizer,20,5,SAT,OPTIMAL,True,True,True,20,,1,0,0.004968624969478697,0.05713637499138713,,,,0.004340666986536235,0.00026649999199435115,0.00031212501926347613,,,400,,114,
nqueens_primary_full,nqueens_primary_full_cplex_cp_n20_r5,cplex_cp,CP,IBM CP Optimizer,20,5,SAT,Feasible,True,True,True,20,,1,0,0.013634999981150031,0.2991932919831015,,,,0.0005304170190356672,0.013025958032812923,3.200001083314419e-05,,,,,,
nqueens_primary_full,nqueens_primary_full_sat_product_n20_r5,sat_product,SAT,Glucose3,20,5,SAT,,True,True,True,20,solver_default,1,0,0.4379315419937484,0.48101549997227266,0.0029769999673590064,0.0013642500271089375,0.4324785830103792,,0.43384283303748816,0.00014783302322030067,400,854,1254,4520,,
nqueens_primary_full,nqueens_primary_full_cp_sat_n20_r5,cp_sat,CP-SAT,OR-Tools CP-SAT,20,5,SAT,OPTIMAL,True,True,True,20,,1,0,0.01593670796137303,0.3360493329819292,,,,0.0004807079676538706,0.015362959005869925,4.85840137116611e-05,,,,,,
nqueens_primary_full,nqueens_primary_full_sat_pairwise_n20_r5,sat_pairwise,SAT,Glucose3,20,5,SAT,,True,True,True,20,solver_default,1,0,0.00913383299484849,0.051926165993791074,0.0035455419565550983,0.0029134999494999647,0.0011578749981708825,,0.004071374947670847,4.854099825024605e-05,400,0,400,12580,,
nqueens_primary_full,nqueens_primary_full_sat_sequential_n20_r5,sat_sequential,SAT,Glucose3,20,5,SAT,,True,True,True,20,solver_default,1,0,0.020600375020876527,0.06403166701784357,0.002891042036935687,0.0011818750062957406,0.015634457988198847,,0.016816332994494587,0.00012233300367370248,400,1482,1882,4372,,
nqueens_primary_full,nqueens_primary_full_gurobi_mip_n31_r5,gurobi_mip,MIP,Gurobi Optimizer,31,5,SAT,OPTIMAL,True,True,True,31,,1,0,0.019514459010679275,0.07322466600453481,,,,0.006583582959137857,0.012050500023178756,0.0008055409998632967,,,961,,180,
nqueens_primary_full,nqueens_primary_full_sat_sequential_n31_r5,sat_sequential,SAT,Glucose3,31,5,SAT,,True,True,True,31,solver_default,1,0,0.03192991600371897,0.07552237500203773,0.004516582994256169,0.00281429203459993,0.02254462504060939,,0.02535891707520932,0.00022295903181657195,961,3660,4621,10862,,
nqueens_primary_full,nqueens_primary_full_sat_product_n31_r5,sat_product,SAT,Glucose3,31,5,SAT,,True,True,True,31,solver_default,1,0,50.70387266698526,50.75104458298301,0.004930207971483469,0.003350124985445291,50.69248820800567,,50.695838332991116,0.0003527919761836529,961,1700,2661,11242,,
nqueens_primary_full,nqueens_primary_full_cplex_mip_n31_r5,cplex_mip,MIP,IBM ILOG CPLEX,31,5,SAT,integer optimal solution,True,True,True,31,,1,0,0.08145608397899196,0.5640703749959357,,,,0.04786225000862032,0.032638417033012956,0.000246542040258646,,,961,,180,
nqueens_primary_full,nqueens_primary_full_sat_commander_n31_r5,sat_commander,SAT,Glucose3,31,5,SAT,,True,True,True,31,solver_default,1,0,0.5585552499978803,0.603758207987994,0.006005708011798561,0.0028835409902967513,0.5476142080151476,,0.5504977490054443,0.0001937499619089067,961,1988,2949,10842,,
nqueens_primary_full,nqueens_primary_full_sat_binary_n31_r5,sat_binary,SAT,Glucose3,31,5,SAT,,True,True,True,31,solver_default,1,0,0.21565645799273625,0.2582323749666102,0.005935875000432134,0.004657207988202572,0.2023518340429291,,0.20700904203113168,0.00017154199304059148,961,796,1757,18538,,
nqueens_primary_full,nqueens_primary_full_cp_sat_n31_r5,cp_sat,CP-SAT,OR-Tools CP-SAT,31,5,SAT,OPTIMAL,True,True,True,31,,1,0,0.04804579197661951,0.43585312500363216,,,,0.001304499979596585,0.04637604200979695,6.725004641339183e-05,,,,,,
nqueens_primary_full,nqueens_primary_full_cplex_cp_n31_r5,cplex_cp,CP,IBM CP Optimizer,31,5,SAT,Feasible,True,True,True,31,,1,0,0.13794112496543676,0.4243433750234544,,,,0.0005339579656720161,0.13733029196737334,3.6416982766240835e-05,,,,,,
nqueens_primary_full,nqueens_primary_full_sat_pairwise_n31_r5,sat_pairwise,SAT,Glucose3,31,5,SAT,,True,True,True,31,solver_default,1,0,0.028998791007325053,0.07726304099196568,0.008260458009317517,0.011342375015374273,0.003521959006320685,,0.014864334021694958,0.00020995800150558352,961,0,961,47802,,
nqueens_primary_full,nqueens_primary_full_sat_commander_n32_r5,sat_commander,SAT,Glucose3,32,5,SAT,,True,True,True,32,solver_default,1,0,1.3106597909936681,1.3562585830222815,0.0069086249568499625,0.0032912500319071114,1.2979879589984193,,1.3012792090303265,0.00023687502834945917,1024,2090,3114,11516,,
nqueens_primary_full,nqueens_primary_full_sat_pairwise_n32_r5,sat_pairwise,SAT,Glucose3,32,5,SAT,,True,True,True,32,solver_default,1,0,0.03222395898774266,0.08030412503285334,0.009797999984584749,0.012547791993711144,0.0026222909800708294,,0.015170082973781973,9.124999633058906e-05,1024,0,1024,52640,,
nqueens_primary_full,nqueens_primary_full_cplex_mip_n32_r5,cplex_mip,MIP,IBM ILOG CPLEX,32,5,BLOCKED_LICENSE,,False,,,,,1,0,,,,,,,,,,,,,,
nqueens_primary_full,nqueens_primary_full_sat_sequential_n32_r5,sat_sequential,SAT,Glucose3,32,5,SAT,,True,True,True,32,solver_default,1,0,0.15542833297513425,0.1993987910100259,0.005049916973803192,0.0033193749841302633,0.14468816696899012,,0.14800754195312038,0.0002423750120215118,1024,3906,4930,11596,,
nqueens_primary_full,nqueens_primary_full_sat_product_n32_r5,sat_product,SAT,Glucose3,32,5,SAT,,True,True,True,32,solver_default,1,0,7.417732207977679,7.470232916006353,0.005133249971549958,0.003513250034302473,7.405817333026789,,7.409330583061092,0.00040620798245072365,1024,1772,2796,11928,,
nqueens_primary_full,nqueens_primary_full_sat_binary_n32_r5,sat_binary,SAT,Glucose3,32,5,SAT,,True,True,True,32,solver_default,1,0,0.06632737501058728,0.12185829196823761,0.006134415976703167,0.004891499993391335,0.05260120902676135,,0.05749270902015269,0.00012366700684651732,1024,826,1850,19800,,
nqueens_primary_full,nqueens_primary_full_cplex_cp_n32_r5,cplex_cp,CP,IBM CP Optimizer,32,5,SAT,Feasible,True,True,True,32,,1,0,0.19890291697811335,0.7250805840012617,,,,0.0005060829571448267,0.198324249999132,3.6582991015166044e-05,,,,,,
nqueens_primary_full,nqueens_primary_full_cp_sat_n32_r5,cp_sat,CP-SAT,OR-Tools CP-SAT,32,5,SAT,OPTIMAL,True,True,True,32,,1,0,0.08295075001660734,0.5420736660016701,,,,0.0025909169926308095,0.07975650002481416,7.041700882837176e-05,,,,,,
nqueens_primary_full,nqueens_primary_full_gurobi_mip_n32_r5,gurobi_mip,MIP,Gurobi Optimizer,32,5,SAT,OPTIMAL,True,True,True,32,,1,0,0.09162145899608731,0.1742646669736132,,,,0.02276512503158301,0.06768291699700058,0.0009517499711364508,,,1024,,186,
nqueens_primary_full,nqueens_primary_full_sat_pairwise_n40_r5,sat_pairwise,SAT,Glucose3,40,5,SAT,,True,True,True,40,solver_default,1,0,0.0587705000070855,0.10445504100061953,0.01724675000878051,0.023388875008095056,0.004480875039007515,,0.02786975004710257,0.00011650001397356391,1600,0,1600,103560,,
nqueens_primary_full,nqueens_primary_full_sat_binary_n40_r5,sat_binary,SAT,Glucose3,40,5,SAT,,True,True,True,40,solver_default,1,0,0.03814841603161767,0.08236633299384266,0.009930958040058613,0.009352749970275909,0.014004500000737607,,0.023357249971013516,0.0001638750545680523,1600,1176,2776,35624,,
nqueens_primary_full,nqueens_primary_full_sat_sequential_n40_r5,sat_sequential,SAT,Glucose3,40,5,SAT,,True,True,True,40,solver_default,1,0,0.3235180840129033,0.36797574994852766,0.006996417010668665,0.005118999979458749,0.3074575000209734,,0.31257650000043213,0.00048624997725710273,1600,6162,7762,18332,,
nqueens_primary_full,nqueens_primary_full_sat_product_n40_r5,sat_product,SAT,Glucose3,40,5,TIMEOUT,,True,,,,solver_default,1,0,,330.01003537495853,,,,,,,,,,,,EXTERNAL_TIMEOUT
nqueens_primary_full,nqueens_primary_full_gurobi_mip_n40_r5,gurobi_mip,MIP,Gurobi Optimizer,40,5,SAT,OPTIMAL,True,True,True,40,,1,0,0.04127312498167157,0.13859291601693258,,,,0.017380832985509187,0.022514958982355893,0.0011339589837007225,,,1600,,234,
nqueens_primary_full,nqueens_primary_full_cplex_mip_n40_r5,cplex_mip,MIP,IBM ILOG CPLEX,40,5,BLOCKED_LICENSE,,False,,,,,1,0,,,,,,,,,,,,,,
nqueens_primary_full,nqueens_primary_full_sat_commander_n40_r5,sat_commander,SAT,Glucose3,40,5,SAT,,True,True,True,40,solver_default,1,0,0.9349775420268998,0.9850139999762177,0.008793417015112936,0.004806165990885347,0.9183102089446038,,0.9231163749354891,0.00029562501003965735,1600,3282,4882,18260,,
nqueens_primary_full,nqueens_primary_full_cplex_cp_n40_r5,cplex_cp,CP,IBM CP Optimizer,40,5,SAT,Feasible,True,True,True,40,,1,0,0.14033495797775686,0.6001325420220383,,,,0.0004995829658582807,0.1397533330018632,3.966700751334429e-05,,,,,,
nqueens_primary_full,nqueens_primary_full_cp_sat_n40_r5,cp_sat,CP-SAT,OR-Tools CP-SAT,40,5,SAT,OPTIMAL,True,True,True,40,,1,0,0.08863116696011275,0.5085733340238221,,,,0.0021698339842259884,0.08588787500048056,7.279100827872753e-05,,,,,,
nqueens_primary_full,nqueens_primary_full_cplex_mip_n44_r5,cplex_mip,MIP,IBM ILOG CPLEX,44,5,BLOCKED_LICENSE,,False,,,,,1,0,,,,,,,,,,,,,,
nqueens_primary_full,nqueens_primary_full_sat_product_n44_r5,sat_product,SAT,Glucose3,44,5,TIMEOUT,,True,,,,solver_default,1,0,,330.01548487500986,,,,,,,,,,,,EXTERNAL_TIMEOUT
nqueens_primary_full,nqueens_primary_full_sat_pairwise_n44_r5,sat_pairwise,SAT,Glucose3,44,5,SAT,,True,True,True,44,solver_default,1,0,0.08300329197663814,0.1609697500243783,0.022614791989326477,0.03802954201819375,0.003953542036470026,,0.04198308405466378,0.00015833298675715923,1936,0,1936,138204,,
nqueens_primary_full,nqueens_primary_full_gurobi_mip_n44_r5,gurobi_mip,MIP,Gurobi Optimizer,44,5,SAT,OPTIMAL,True,True,True,44,,1,0,0.05233658303041011,0.14836441696388647,,,,0.021221541974227875,0.02903804200468585,0.0018111660028807819,,,1936,,258,
nqueens_primary_full,nqueens_primary_full_sat_binary_n44_r5,sat_binary,SAT,Glucose3,44,5,SAT,,True,True,True,44,solver_default,1,0,0.05398779100505635,0.10632024996448308,0.013268333044834435,0.013899332960136235,0.01951179199386388,,0.033411124954000115,0.00022070796694606543,1936,1320,3256,43696,,
nqueens_primary_full,nqueens_primary_full_cplex_cp_n44_r5,cplex_cp,CP,IBM CP Optimizer,44,5,SAT,Feasible,True,True,True,44,,1,0,0.14808929205173627,0.7161888749687932,,,,0.0006444170139729977,0.14734966604737565,4.9124995712190866e-05,,,,,,
nqueens_primary_full,nqueens_primary_full_cp_sat_n44_r5,cp_sat,CP-SAT,OR-Tools CP-SAT,44,5,SAT,OPTIMAL,True,True,True,44,,1,0,0.11165662499843165,0.5900537500274368,,,,0.0015738749643787742,0.10968687501735985,9.14999982342124e-05,,,,,,
nqueens_primary_full,nqueens_primary_full_sat_sequential_n44_r5,sat_sequential,SAT,Glucose3,44,5,SAT,,True,True,True,44,solver_default,1,0,0.08865483297267929,0.1505485000088811,0.010458665958140045,0.007969916972797364,0.06502870802069083,,0.07299862499348819,0.0005548330373130739,1936,7482,9418,22276,,
nqueens_primary_full,nqueens_primary_full_sat_commander_n44_r5,sat_commander,SAT,Glucose3,44,5,SAT,,True,True,True,44,solver_default,1,0,0.11125362501479685,0.18787991598946974,0.021815665997564793,0.009052791981957853,0.07501729199429974,,0.08407008397625759,0.0003618750488385558,1936,3880,5816,22106,,
nqueens_primary_full,nqueens_primary_full_sat_commander_n50_r5,sat_commander,SAT,Glucose3,50,5,SAT,,True,True,True,50,solver_default,1,0,1.0675068750279024,1.1358550409786403,0.020418790983967483,0.011271124996710569,1.0269149160012603,,1.0381860409979708,0.0007265000022016466,2500,5014,7514,28726,,
nqueens_primary_full,nqueens_primary_full_sat_sequential_n50_r5,sat_sequential,SAT,Glucose3,50,5,SAT,,True,True,True,50,solver_default,1,0,2.371405042009428,2.44521687499946,0.013468542019836605,0.015307624998968095,2.3348364580306225,,2.3501440830295905,0.0007464999798685312,2500,9702,12202,28912,,
nqueens_primary_full,nqueens_primary_full_sat_product_n50_r5,sat_product,SAT,Glucose3,50,5,TIMEOUT,,True,,,,solver_default,1,0,,330.02043908298947,,,,,,,,,,,,EXTERNAL_TIMEOUT
nqueens_primary_full,nqueens_primary_full_cp_sat_n50_r5,cp_sat,CP-SAT,OR-Tools CP-SAT,50,5,SAT,OPTIMAL,True,True,True,50,,1,0,0.1642590410192497,0.9069949999684468,,,,0.001932125014718622,0.16171987500274554,0.00015033298404887319,,,,,,
nqueens_primary_full,nqueens_primary_full_sat_binary_n50_r5,sat_binary,SAT,Glucose3,50,5,SAT,,True,True,True,50,solver_default,1,0,0.050594500033184886,0.10392091597896069,0.015837250044569373,0.016076958971098065,0.010482165962457657,,0.026559124933555722,0.00023145799059420824,2500,1536,4036,57244,,
nqueens_primary_full,nqueens_primary_full_sat_pairwise_n50_r5,sat_pairwise,SAT,Glucose3,50,5,SAT,,True,True,True,50,solver_default,1,0,0.1126262079924345,0.16512295795837417,0.03140162496129051,0.048710042028687894,0.0046820000279694796,,0.053392042056657374,0.00017024995759129524,2500,0,2500,203450,,
nqueens_primary_full,nqueens_primary_full_cplex_mip_n50_r5,cplex_mip,MIP,IBM ILOG CPLEX,50,5,BLOCKED_LICENSE,,False,,,,,1,0,,,,,,,,,,,,,,
nqueens_primary_full,nqueens_primary_full_gurobi_mip_n50_r5,gurobi_mip,MIP,Gurobi Optimizer,50,5,BLOCKED_LICENSE,,False,,,,,1,0,,,,,,,,,,,,,,
nqueens_primary_full,nqueens_primary_full_cplex_cp_n50_r5,cplex_cp,CP,IBM CP Optimizer,50,5,SAT,Feasible,True,True,True,50,,1,0,0.19794183399062604,0.5623968329746276,,,,0.0006334579666145146,0.1971718340064399,8.541700663045049e-05,,,,,,
nqueens_primary_full,nqueens_primary_full_gurobi_mip_n64_r5,gurobi_mip,MIP,Gurobi Optimizer,64,5,BLOCKED_LICENSE,,False,,,,,1,0,,,,,,,,,,,,,,
nqueens_primary_full,nqueens_primary_full_sat_commander_n64_r5,sat_commander,SAT,Glucose3,64,5,SAT,,True,True,True,64,solver_default,1,0,182.90104308299487,182.95478179102065,0.02372966700932011,0.01493116602068767,182.8508362499997,,182.8657674160204,0.001105041999835521,4096,8346,12442,47644,,
nqueens_primary_full,nqueens_primary_full_sat_sequential_n64_r5,sat_sequential,SAT,Glucose3,64,5,SAT,,True,True,True,64,solver_default,1,0,44.09328000003006,44.17851408396382,0.016160667000804096,0.013383332989178598,44.05174150003586,,44.06512483302504,0.0016874169814400375,4096,16002,20098,47756,,
nqueens_primary_full,nqueens_primary_full_cplex_mip_n64_r5,cplex_mip,MIP,IBM ILOG CPLEX,64,5,BLOCKED_LICENSE,,False,,,,,1,0,,,,,,,,,,,,,,
nqueens_primary_full,nqueens_primary_full_sat_pairwise_n64_r5,sat_pairwise,SAT,Glucose3,64,5,SAT,,True,True,True,64,solver_default,1,0,0.3249807500396855,0.43125274998601526,0.08433575002709404,0.1542441250057891,0.016688290983438492,,0.1709324159892276,0.00027020799461752176,4096,0,4096,428864,,
nqueens_primary_full,nqueens_primary_full_cp_sat_n64_r5,cp_sat,CP-SAT,OR-Tools CP-SAT,64,5,SAT,OPTIMAL,True,True,True,64,,1,0,0.34240591601701453,1.2138196249725297,,,,0.004066499997861683,0.33759391598869115,0.00011962500866502523,,,,,,
nqueens_primary_full,nqueens_primary_full_sat_binary_n64_r5,sat_binary,SAT,Glucose3,64,5,SAT,,True,True,True,64,solver_default,1,0,0.09628579101990908,0.15703070897143334,0.03177520801546052,0.035080208035651594,0.014275374996941537,,0.04935558303259313,0.0009102079784497619,4096,2040,6136,95576,,
nqueens_primary_full,nqueens_primary_full_sat_product_n64_r5,sat_product,SAT,Glucose3,64,5,TIMEOUT,,True,,,,solver_default,1,0,,330.0149715830339,,,,,,,,,,,,EXTERNAL_TIMEOUT
nqueens_primary_full,nqueens_primary_full_cplex_cp_n64_r5,cplex_cp,CP,IBM CP Optimizer,64,5,SAT,Feasible,True,True,True,64,,1,0,0.19146249996265396,0.7884993749903515,,,,0.0007690410129725933,0.19058508396847174,5.987496115267277e-05,,,,,,
nqueens_primary_full,nqueens_primary_full_cp_sat_n100_r5,cp_sat,CP-SAT,OR-Tools CP-SAT,100,5,SAT,OPTIMAL,True,True,True,100,,1,0,0.8211855409899727,1.3569330830359831,,,,0.005268374981824309,0.8150051249540411,0.00023795798188075423,,,,,,
nqueens_primary_full,nqueens_primary_full_cplex_mip_n100_r5,cplex_mip,MIP,IBM ILOG CPLEX,100,5,BLOCKED_LICENSE,,False,,,,,1,0,,,,,,,,,,,,,,
nqueens_primary_full,nqueens_primary_full_sat_sequential_n100_r5,sat_sequential,SAT,Glucose3,100,5,SAT,,True,True,True,100,solver_default,1,0,57.025890540971886,57.09734487498645,0.04255358298541978,0.04088112496538088,56.91506170795765,,56.95594283292303,0.002288541989400983,10000,39402,49402,117812,,
nqueens_primary_full,nqueens_primary_full_sat_binary_n100_r5,sat_binary,SAT,Glucose3,100,5,SAT,,True,True,True,100,solver_default,1,0,0.22412591701140627,0.3005914160166867,0.07928533299127594,0.0779455000301823,0.025547917000949383,,0.10349341703113168,0.0007202500128187239,10000,3678,13678,269024,,
nqueens_primary_full,nqueens_primary_full_cplex_cp_n100_r5,cplex_cp,CP,IBM CP Optimizer,100,5,SAT,Feasible,True,True,True,100,,1,0,0.13769091601716354,0.6553347920416854,,,,0.0008089999901130795,0.1367548750131391,8.433300536125898e-05,,,,,,
nqueens_primary_full,nqueens_primary_full_gurobi_mip_n100_r5,gurobi_mip,MIP,Gurobi Optimizer,100,5,BLOCKED_LICENSE,,False,,,,,1,0,,,,,,,,,,,,,,
nqueens_primary_full,nqueens_primary_full_sat_commander_n100_r5,sat_commander,SAT,Glucose3,100,5,SAT,,True,True,True,100,solver_default,1,0,3.1432054580072872,3.198626499972306,0.0551324580446817,0.03667837503599003,3.0275180830503814,,3.0641964580863714,0.0015704580000601709,10000,20536,30536,118092,,
nqueens_primary_full,nqueens_primary_full_sat_pairwise_n100_r5,sat_pairwise,SAT,Glucose3,100,5,SAT,,True,True,True,100,solver_default,1,0,1.1475288749788888,1.256436666008085,0.4524245419888757,0.4456518340157345,0.020534208975732327,,0.4661860429914668,0.0005294159636832774,10000,0,10000,1646900,,
nqueens_primary_full,nqueens_primary_full_sat_product_n100_r5,sat_product,SAT,Glucose3,100,5,SAT,,True,True,True,100,solver_default,1,0,0.6201635830220766,0.6768392910016701,0.040252958016935736,0.04055154096568003,0.5176123330020346,,0.5581638739677146,0.0009867080370895565,10000,9492,19492,116672,,
